2014-11-27 07:24:28,/newmpms/top.php,http://l505-15.is.oit.ac.jp/mpms/keyserch.php,150.89.227.15,L505-15.is.oit.ac.jp,Mozilla/5.0 (Windows NT 6.1; WOW64; Trident/7.0; rv:11.0) like Gecko
2014-11-27 07:24:30,/newmpms/top.php,http://l505-15.is.oit.ac.jp/mpms/keyserch.php,150.89.227.15,L505-15.is.oit.ac.jp,Mozilla/5.0 (Windows NT 6.1; WOW64; Trident/7.0; rv:11.0) like Gecko
2014-11-27 07:24:30,/newmpms/top.php,http://l505-15.is.oit.ac.jp/mpms/keyserch.php,150.89.227.15,L505-15.is.oit.ac.jp,Mozilla/5.0 (Windows NT 6.1; WOW64; Trident/7.0; rv:11.0) like Gecko
2014-11-27 07:24:30,/newmpms/top.php,http://l505-15.is.oit.ac.jp/mpms/keyserch.php,150.89.227.15,L505-15.is.oit.ac.jp,Mozilla/5.0 (Windows NT 6.1; WOW64; Trident/7.0; rv:11.0) like Gecko
2014-11-27 07:24:31,/newmpms/top.php,http://l505-15.is.oit.ac.jp/mpms/keyserch.php,150.89.227.15,L505-15.is.oit.ac.jp,Mozilla/5.0 (Windows NT 6.1; WOW64; Trident/7.0; rv:11.0) like Gecko
2014-11-27 07:24:31,/newmpms/top.php,http://l505-15.is.oit.ac.jp/mpms/keyserch.php,150.89.227.15,L505-15.is.oit.ac.jp,Mozilla/5.0 (Windows NT 6.1; WOW64; Trident/7.0; rv:11.0) like Gecko
2014-11-27 07:24:31,/newmpms/top.php,http://l505-15.is.oit.ac.jp/mpms/keyserch.php,150.89.227.15,L505-15.is.oit.ac.jp,Mozilla/5.0 (Windows NT 6.1; WOW64; Trident/7.0; rv:11.0) like Gecko
2014-11-27 07:24:31,/newmpms/top.php,http://l505-15.is.oit.ac.jp/mpms/keyserch.php,150.89.227.15,L505-15.is.oit.ac.jp,Mozilla/5.0 (Windows NT 6.1; WOW64; Trident/7.0; rv:11.0) like Gecko
2014-11-27 07:28:03,/newmpms/mine.php,http://l505-15.is.oit.ac.jp/mpms/top.php,150.89.227.15,L505-15.is.oit.ac.jp,Mozilla/5.0 (Windows NT 6.1; WOW64; Trident/7.0; rv:11.0) like Gecko
2014-11-27 07:28:06,/newmpms/mine.php,http://l505-15.is.oit.ac.jp/mpms/top.php,150.89.227.15,L505-15.is.oit.ac.jp,Mozilla/5.0 (Windows NT 6.1; WOW64; Trident/7.0; rv:11.0) like Gecko
2014-11-27 07:28:06,/newmpms/mine.php,http://l505-15.is.oit.ac.jp/mpms/top.php,150.89.227.15,L505-15.is.oit.ac.jp,Mozilla/5.0 (Windows NT 6.1; WOW64; Trident/7.0; rv:11.0) like Gecko
2014-11-27 07:28:06,/newmpms/mine.php,http://l505-15.is.oit.ac.jp/mpms/top.php,150.89.227.15,L505-15.is.oit.ac.jp,Mozilla/5.0 (Windows NT 6.1; WOW64; Trident/7.0; rv:11.0) like Gecko
2014-11-27 07:28:06,/newmpms/mine.php,http://l505-15.is.oit.ac.jp/mpms/top.php,150.89.227.15,L505-15.is.oit.ac.jp,Mozilla/5.0 (Windows NT 6.1; WOW64; Trident/7.0; rv:11.0) like Gecko
2014-11-27 07:33:48,/newmpms/top.php,http://l505-15.is.oit.ac.jp/mpms/date.php,150.89.227.15,L505-15.is.oit.ac.jp,Mozilla/5.0 (Windows NT 6.1; WOW64; Trident/7.0; rv:11.0) like Gecko
2014-11-27 07:34:52,/newmpms/top.php,http://l505-15.is.oit.ac.jp/mpms/chart.php,150.89.227.15,L505-15.is.oit.ac.jp,Mozilla/5.0 (Windows NT 6.1; WOW64; Trident/7.0; rv:11.0) like Gecko
2014-11-27 07:34:53,/newmpms/mine.php,http://l505-15.is.oit.ac.jp/mpms/top.php,150.89.227.15,L505-15.is.oit.ac.jp,Mozilla/5.0 (Windows NT 6.1; WOW64; Trident/7.0; rv:11.0) like Gecko
2014-11-27 07:34:54,/newmpms/top.php,http://l505-15.is.oit.ac.jp/mpms/chart.php,150.89.227.15,L505-15.is.oit.ac.jp,Mozilla/5.0 (Windows NT 6.1; WOW64; Trident/7.0; rv:11.0) like Gecko
2014-11-27 07:34:54,/newmpms/chart.php,http://l505-15.is.oit.ac.jp/mpms/top.php,150.89.227.15,L505-15.is.oit.ac.jp,Mozilla/5.0 (Windows NT 6.1; WOW64; Trident/7.0; rv:11.0) like Gecko
2014-11-27 07:36:01,/newmpms/top.php,http://l505-15.is.oit.ac.jp/mpms/chart.php,150.89.227.15,L505-15.is.oit.ac.jp,Mozilla/5.0 (Windows NT 6.1; WOW64; Trident/7.0; rv:11.0) like Gecko
2014-11-27 07:36:17,/newmpms/top.php,http://l505-15.is.oit.ac.jp/mpms/index.php,150.89.227.15,L505-15.is.oit.ac.jp,Mozilla/5.0 (Windows NT 6.1; WOW64; Trident/7.0; rv:11.0) like Gecko
November 27, 2014, 7:39 am,/newmpms/mine.php,http://l505-15.is.oit.ac.jp/mpms/top.php,150.89.227.15,L505-15.is.oit.ac.jp,Mozilla/5.0 (Windows NT 6.1; WOW64; Trident/7.0; rv:11.0) like Gecko
November 27, 2014, 7:40 am,/newmpms/top.php,http://l505-15.is.oit.ac.jp/mpms/index.php,150.89.227.15,L505-15.is.oit.ac.jp,Mozilla/5.0 (Windows NT 6.1; WOW64; Trident/7.0; rv:11.0) like Gecko
November 27, 2014, 7:40 am,/newmpms/top.php,http://l505-15.is.oit.ac.jp/mpms/keyserch.php,150.89.227.15,L505-15.is.oit.ac.jp,Mozilla/5.0 (Windows NT 6.1; WOW64; Trident/7.0; rv:11.0) like Gecko
November 27, 2014, 7:40 am,/newmpms/chart.php,http://l505-15.is.oit.ac.jp/mpms/top.php,150.89.227.15,L505-15.is.oit.ac.jp,Mozilla/5.0 (Windows NT 6.1; WOW64; Trident/7.0; rv:11.0) like Gecko
2014年11月27日　07時48分,/newmpms/top.php,http://l505-15.is.oit.ac.jp/mpms/chart.php,150.89.227.15,L505-15.is.oit.ac.jp,Mozilla/5.0 (Windows NT 6.1; WOW64; Trident/7.0; rv:11.0) like Gecko
2014年11月27日　07時48分,/newmpms/mine.php,http://l505-15.is.oit.ac.jp/mpms/top.php,150.89.227.15,L505-15.is.oit.ac.jp,Mozilla/5.0 (Windows NT 6.1; WOW64; Trident/7.0; rv:11.0) like Gecko
2014年11月27日　07時48分,/newmpms/top.php,http://l505-15.is.oit.ac.jp/mpms/chart.php,150.89.227.15,L505-15.is.oit.ac.jp,Mozilla/5.0 (Windows NT 6.1; WOW64; Trident/7.0; rv:11.0) like Gecko
2014年11月27日　07時48分,/newmpms/top.php,http://l505-15.is.oit.ac.jp/mpms/chart.php,150.89.227.15,L505-15.is.oit.ac.jp,Mozilla/5.0 (Windows NT 6.1; WOW64; Trident/7.0; rv:11.0) like Gecko
2014年11月27日　07時48分,/newmpms/top.php,http://l505-15.is.oit.ac.jp/mpms/keyserch.php,150.89.227.15,L505-15.is.oit.ac.jp,Mozilla/5.0 (Windows NT 6.1; WOW64; Trident/7.0; rv:11.0) like Gecko
2014年11月27日　07時48分,/newmpms/chart.php,http://l505-15.is.oit.ac.jp/mpms/top.php,150.89.227.15,L505-15.is.oit.ac.jp,Mozilla/5.0 (Windows NT 6.1; WOW64; Trident/7.0; rv:11.0) like Gecko
2014年11月27日　07時48分,/newmpms/top.php,http://l505-15.is.oit.ac.jp/mpms/keyserch.php,150.89.227.15,L505-15.is.oit.ac.jp,Mozilla/5.0 (Windows NT 6.1; WOW64; Trident/7.0; rv:11.0) like Gecko
'14.11.27 08:26:43,/newmpms/mine.php,http://l505-15.is.oit.ac.jp/mpms/top.php,150.89.227.15,L505-15.is.oit.ac.jp,Mozilla/5.0 (Windows NT 6.1; WOW64; Trident/7.0; rv:11.0) like Gecko
'14.11.27 08:26:43,/newmpms/top.php,http://l505-15.is.oit.ac.jp/mpms/keyserch.php,150.89.227.15,L505-15.is.oit.ac.jp,Mozilla/5.0 (Windows NT 6.1; WOW64; Trident/7.0; rv:11.0) like Gecko
'14.11.27 08:26:45,/newmpms/top.php,http://l505-15.is.oit.ac.jp/mpms/keyserch.php,150.89.227.15,L505-15.is.oit.ac.jp,Mozilla/5.0 (Windows NT 6.1; WOW64; Trident/7.0; rv:11.0) like Gecko
'14.11.27 08:26:47,/newmpms/top.php,http://l505-15.is.oit.ac.jp/mpms/keyserch.php,150.89.227.15,L505-15.is.oit.ac.jp,Mozilla/5.0 (Windows NT 6.1; WOW64; Trident/7.0; rv:11.0) like Gecko
/newmpms/serch.php?id=2014-10-28,http://l505-15.is.oit.ac.jp/mpms/date.php,150.89.227.15,L505-15.is.oit.ac.jp,Mozilla/5.0 (Windows NT 6.1; WOW64; Trident/7.0; rv:11.0) like Gecko
/newmpms/top.php,http://l505-15.is.oit.ac.jp/mpms/keyserch.php,150.89.227.15,L505-15.is.oit.ac.jp,Mozilla/5.0 (Windows NT 6.1; WOW64; Trident/7.0; rv:11.0) like Gecko
/newmpms/mine.php,http://l505-15.is.oit.ac.jp/mpms/top.php,150.89.227.15,L505-15.is.oit.ac.jp,Mozilla/5.0 (Windows NT 6.1; WOW64; Trident/7.0; rv:11.0) like Gecko
/newmpms/top.php,http://l505-15.is.oit.ac.jp/mpms/keyserch.php,150.89.227.15,L505-15.is.oit.ac.jp,Mozilla/5.0 (Windows NT 6.1; WOW64; Trident/7.0; rv:11.0) like Gecko
/newmpms/chart.php,http://l505-15.is.oit.ac.jp/mpms/top.php,150.89.227.15,L505-15.is.oit.ac.jp,Mozilla/5.0 (Windows NT 6.1; WOW64; Trident/7.0; rv:11.0) like Gecko
/newmpms/top.php,http://l505-15.is.oit.ac.jp/mpms/keyserch.php,150.89.227.15,L505-15.is.oit.ac.jp,Mozilla/5.0 (Windows NT 6.1; WOW64; Trident/7.0; rv:11.0) like Gecko
2014/11/27 08:31:36 (Thu),/newmpms/mine.php,http://l505-15.is.oit.ac.jp/mpms/top.php,150.89.227.15,L505-15.is.oit.ac.jp,Mozilla/5.0 (Windows NT 6.1; WOW64; Trident/7.0; rv:11.0) like Gecko
2014/11/27 08:31:37 (Thu),/newmpms/top.php,http://l505-15.is.oit.ac.jp/mpms/keyserch.php,150.89.227.15,L505-15.is.oit.ac.jp,Mozilla/5.0 (Windows NT 6.1; WOW64; Trident/7.0; rv:11.0) like Gecko
2014/11/27 08:31:39 (Thu),/newmpms/top.php,http://l505-15.is.oit.ac.jp/mpms/keyserch.php,150.89.227.15,L505-15.is.oit.ac.jp,Mozilla/5.0 (Windows NT 6.1; WOW64; Trident/7.0; rv:11.0) like Gecko
2014/11/27 08:31:41 (Thu),/newmpms/top.php,http://l505-15.is.oit.ac.jp/mpms/date.php,150.89.227.15,L505-15.is.oit.ac.jp,Mozilla/5.0 (Windows NT 6.1; WOW64; Trident/7.0; rv:11.0) like Gecko
2014/11/27 08:31:43 (Thu),/newmpms/chart.php,http://l505-15.is.oit.ac.jp/mpms/top.php,150.89.227.15,L505-15.is.oit.ac.jp,Mozilla/5.0 (Windows NT 6.1; WOW64; Trident/7.0; rv:11.0) like Gecko
2014/11/27 08:31:43 (Thu),/newmpms/top.php,http://l505-15.is.oit.ac.jp/mpms/date.php,150.89.227.15,L505-15.is.oit.ac.jp,Mozilla/5.0 (Windows NT 6.1; WOW64; Trident/7.0; rv:11.0) like Gecko
'14.11.27 08:37:37,/newmpms/chart.php,http://l505-15.is.oit.ac.jp/mpms/top.php,150.89.227.15,L505-15.is.oit.ac.jp,Mozilla/5.0 (Windows NT 6.1; WOW64; Trident/7.0; rv:11.0) like Gecko
'14.11.27 08:37:38,/newmpms/top.php,http://l505-15.is.oit.ac.jp/mpms/date.php,150.89.227.15,L505-15.is.oit.ac.jp,Mozilla/5.0 (Windows NT 6.1; WOW64; Trident/7.0; rv:11.0) like Gecko
'14.11.27 08:37:39,/newmpms/mine.php,http://l505-15.is.oit.ac.jp/mpms/top.php,150.89.227.15,L505-15.is.oit.ac.jp,Mozilla/5.0 (Windows NT 6.1; WOW64; Trident/7.0; rv:11.0) like Gecko
'14.11.27 08:37:40,/newmpms/top.php,http://l505-15.is.oit.ac.jp/mpms/date.php,150.89.227.15,L505-15.is.oit.ac.jp,Mozilla/5.0 (Windows NT 6.1; WOW64; Trident/7.0; rv:11.0) like Gecko
2013/01/01,/newmpms/chart.php,http://l505-15.is.oit.ac.jp/mpms/top.php,150.89.227.15,L505-15.is.oit.ac.jp,Mozilla/5.0 (Windows NT 6.1; WOW64; Trident/7.0; rv:11.0) like Gecko
2013/01/01,/newmpms/top.php,http://l505-15.is.oit.ac.jp/mpms/date.php,150.89.227.15,L505-15.is.oit.ac.jp,Mozilla/5.0 (Windows NT 6.1; WOW64; Trident/7.0; rv:11.0) like Gecko
2013/01/01,/newmpms/mine.php,http://l505-15.is.oit.ac.jp/mpms/top.php,150.89.227.15,L505-15.is.oit.ac.jp,Mozilla/5.0 (Windows NT 6.1; WOW64; Trident/7.0; rv:11.0) like Gecko
2013/01/01,/newmpms/top.php,http://l505-15.is.oit.ac.jp/mpms/date.php,150.89.227.15,L505-15.is.oit.ac.jp,Mozilla/5.0 (Windows NT 6.1; WOW64; Trident/7.0; rv:11.0) like Gecko
2013/01/01,/newmpms/serch_keyword.php,http://l505-15.is.oit.ac.jp/mpms/keyserch.php,150.89.227.15,L505-15.is.oit.ac.jp,Mozilla/5.0 (Windows NT 6.1; WOW64; Trident/7.0; rv:11.0) like Gecko
2013/01/01,/newmpms/top.php,http://l505-15.is.oit.ac.jp/mpms/date.php,150.89.227.15,L505-15.is.oit.ac.jp,Mozilla/5.0 (Windows NT 6.1; WOW64; Trident/7.0; rv:11.0) like Gecko
2014/11/27,/newmpms/chart.php,http://l505-15.is.oit.ac.jp/mpms/top.php,150.89.227.15,L505-15.is.oit.ac.jp,Mozilla/5.0 (Windows NT 6.1; WOW64; Trident/7.0; rv:11.0) like Gecko
2014/11/27,/newmpms/top.php,http://l505-15.is.oit.ac.jp/mpms/date.php,150.89.227.15,L505-15.is.oit.ac.jp,Mozilla/5.0 (Windows NT 6.1; WOW64; Trident/7.0; rv:11.0) like Gecko
2014/11/27,/newmpms/top.php,http://l505-15.is.oit.ac.jp/mpms/date.php,150.89.227.15,L505-15.is.oit.ac.jp,Mozilla/5.0 (Windows NT 6.1; WOW64; Trident/7.0; rv:11.0) like Gecko
2014/11/27,/newmpms/top.php,http://l505-15.is.oit.ac.jp/mpms/date.php,150.89.227.15,L505-15.is.oit.ac.jp,Mozilla/5.0 (Windows NT 6.1; WOW64; Trident/7.0; rv:11.0) like Gecko
2014/11/27/08/46/54,/newmpms/chart.php,http://l505-15.is.oit.ac.jp/mpms/top.php,150.89.227.15,L505-15.is.oit.ac.jp,Mozilla/5.0 (Windows NT 6.1; WOW64; Trident/7.0; rv:11.0) like Gecko
2014/11/27/08/46/55,/newmpms/top.php,http://l505-15.is.oit.ac.jp/mpms/date.php,150.89.227.15,L505-15.is.oit.ac.jp,Mozilla/5.0 (Windows NT 6.1; WOW64; Trident/7.0; rv:11.0) like Gecko
2014/11/27/08/46/57,/newmpms/top.php,http://l505-15.is.oit.ac.jp/mpms/date.php,150.89.227.15,L505-15.is.oit.ac.jp,Mozilla/5.0 (Windows NT 6.1; WOW64; Trident/7.0; rv:11.0) like Gecko
2014/11/27/08/54/23,/newmpms/chart.php,http://l505-15.is.oit.ac.jp/mpms/top.php,150.89.227.15,L505-15.is.oit.ac.jp,Mozilla/5.0 (Windows NT 6.1; WOW64; Trident/7.0; rv:11.0) like Gecko
2014/11/27/08/54/25,/newmpms/top.php,http://l505-15.is.oit.ac.jp/mpms/date.php,150.89.227.15,L505-15.is.oit.ac.jp,Mozilla/5.0 (Windows NT 6.1; WOW64; Trident/7.0; rv:11.0) like Gecko
2014/11/27/08/54/26,/newmpms/mine.php,http://l505-15.is.oit.ac.jp/mpms/top.php,150.89.227.15,L505-15.is.oit.ac.jp,Mozilla/5.0 (Windows NT 6.1; WOW64; Trident/7.0; rv:11.0) like Gecko
2014/11/27/08/54/26,/newmpms/top.php,http://l505-15.is.oit.ac.jp/mpms/date.php,150.89.227.15,L505-15.is.oit.ac.jp,Mozilla/5.0 (Windows NT 6.1; WOW64; Trident/7.0; rv:11.0) like Gecko
2014/11/27/08/57/43,/newmpms/log.php,,150.89.227.15,L505-15.is.oit.ac.jp,Mozilla/5.0 (Windows NT 6.1; WOW64; Trident/7.0; rv:11.0) like Gecko
09:11:45,/newmpms/log.php,,150.89.227.15,L505-15.is.oit.ac.jp,Mozilla/5.0 (Windows NT 6.1; WOW64; Trident/7.0; rv:11.0) like Gecko
09:11:47,/newmpms/log.php,,150.89.227.15,L505-15.is.oit.ac.jp,Mozilla/5.0 (Windows NT 6.1; WOW64; Trident/7.0; rv:11.0) like Gecko
09:11:13,/newmpms/log.php,,150.89.227.15,L505-15.is.oit.ac.jp,Mozilla/5.0 (Windows NT 6.1; WOW64; Trident/7.0; rv:11.0) like Gecko
09:11:13,/newmpms/log.php,,150.89.227.15,L505-15.is.oit.ac.jp,Mozilla/5.0 (Windows NT 6.1; WOW64; Trident/7.0; rv:11.0) like Gecko
09:11:14,/newmpms/log.php,,150.89.227.15,L505-15.is.oit.ac.jp,Mozilla/5.0 (Windows NT 6.1; WOW64; Trident/7.0; rv:11.0) like Gecko
09:11:14,/newmpms/log.php,,150.89.227.15,L505-15.is.oit.ac.jp,Mozilla/5.0 (Windows NT 6.1; WOW64; Trident/7.0; rv:11.0) like Gecko
09:11:14,/newmpms/log.php,,150.89.227.15,L505-15.is.oit.ac.jp,Mozilla/5.0 (Windows NT 6.1; WOW64; Trident/7.0; rv:11.0) like Gecko
09:11:14,/newmpms/log.php,,150.89.227.15,L505-15.is.oit.ac.jp,Mozilla/5.0 (Windows NT 6.1; WOW64; Trident/7.0; rv:11.0) like Gecko
09:11:14,/newmpms/log.php,,150.89.227.15,L505-15.is.oit.ac.jp,Mozilla/5.0 (Windows NT 6.1; WOW64; Trident/7.0; rv:11.0) like Gecko
09:11:15,/newmpms/log.php,,150.89.227.15,L505-15.is.oit.ac.jp,Mozilla/5.0 (Windows NT 6.1; WOW64; Trident/7.0; rv:11.0) like Gecko
00:11:33,/newmpms/log.php,,150.89.227.15,L505-15.is.oit.ac.jp,Mozilla/5.0 (Windows NT 6.1; WOW64; Trident/7.0; rv:11.0) like Gecko
00:11:34,/newmpms/log.php,,150.89.227.15,L505-15.is.oit.ac.jp,Mozilla/5.0 (Windows NT 6.1; WOW64; Trident/7.0; rv:11.0) like Gecko
00:11:35,/newmpms/log.php,,150.89.227.15,L505-15.is.oit.ac.jp,Mozilla/5.0 (Windows NT 6.1; WOW64; Trident/7.0; rv:11.0) like Gecko
00:11:35,/newmpms/log.php,,150.89.227.15,L505-15.is.oit.ac.jp,Mozilla/5.0 (Windows NT 6.1; WOW64; Trident/7.0; rv:11.0) like Gecko
00:11:35,/newmpms/log.php,,150.89.227.15,L505-15.is.oit.ac.jp,Mozilla/5.0 (Windows NT 6.1; WOW64; Trident/7.0; rv:11.0) like Gecko
09:11:05,/newmpms/log.php,,150.89.227.15,L505-15.is.oit.ac.jp,Mozilla/5.0 (Windows NT 6.1; WOW64; Trident/7.0; rv:11.0) like Gecko
09+2:11:18,/newmpms/log.php,,150.89.227.15,L505-15.is.oit.ac.jp,Mozilla/5.0 (Windows NT 6.1; WOW64; Trident/7.0; rv:11.0) like Gecko
09+2:11:19,/newmpms/log.php,,150.89.227.15,L505-15.is.oit.ac.jp,Mozilla/5.0 (Windows NT 6.1; WOW64; Trident/7.0; rv:11.0) like Gecko
09:11:35,/newmpms/log.php,,150.89.227.15,L505-15.is.oit.ac.jp,Mozilla/5.0 (Windows NT 6.1; WOW64; Trident/7.0; rv:11.0) like Gecko
09:11:20,/newmpms/log.php,,150.89.227.15,L505-15.is.oit.ac.jp,Mozilla/5.0 (Windows NT 6.1; WOW64; Trident/7.0; rv:11.0) like Gecko
09:11:22,/newmpms/log.php,,150.89.227.15,L505-15.is.oit.ac.jp,Mozilla/5.0 (Windows NT 6.1; WOW64; Trident/7.0; rv:11.0) like Gecko
09:11:23,/newmpms/log.php,,150.89.227.15,L505-15.is.oit.ac.jp,Mozilla/5.0 (Windows NT 6.1; WOW64; Trident/7.0; rv:11.0) like Gecko
09:11:23,/newmpms/log.php,,150.89.227.15,L505-15.is.oit.ac.jp,Mozilla/5.0 (Windows NT 6.1; WOW64; Trident/7.0; rv:11.0) like Gecko
09:11:23,/newmpms/log.php,,150.89.227.15,L505-15.is.oit.ac.jp,Mozilla/5.0 (Windows NT 6.1; WOW64; Trident/7.0; rv:11.0) like Gecko
09:11:23,/newmpms/log.php,,150.89.227.15,L505-15.is.oit.ac.jp,Mozilla/5.0 (Windows NT 6.1; WOW64; Trident/7.0; rv:11.0) like Gecko
09:11:23,/newmpms/log.php,,150.89.227.15,L505-15.is.oit.ac.jp,Mozilla/5.0 (Windows NT 6.1; WOW64; Trident/7.0; rv:11.0) like Gecko
09:11:24,/newmpms/log.php,,150.89.227.15,L505-15.is.oit.ac.jp,Mozilla/5.0 (Windows NT 6.1; WOW64; Trident/7.0; rv:11.0) like Gecko
09:11:24,/newmpms/log.php,,150.89.227.15,L505-15.is.oit.ac.jp,Mozilla/5.0 (Windows NT 6.1; WOW64; Trident/7.0; rv:11.0) like Gecko
09:11:24,/newmpms/log.php,,150.89.227.15,L505-15.is.oit.ac.jp,Mozilla/5.0 (Windows NT 6.1; WOW64; Trident/7.0; rv:11.0) like Gecko
09:11:24,/newmpms/log.php,,150.89.227.15,L505-15.is.oit.ac.jp,Mozilla/5.0 (Windows NT 6.1; WOW64; Trident/7.0; rv:11.0) like Gecko
09:11:25,/newmpms/log.php,,150.89.227.15,L505-15.is.oit.ac.jp,Mozilla/5.0 (Windows NT 6.1; WOW64; Trident/7.0; rv:11.0) like Gecko
09:11:25,/newmpms/log.php,,150.89.227.15,L505-15.is.oit.ac.jp,Mozilla/5.0 (Windows NT 6.1; WOW64; Trident/7.0; rv:11.0) like Gecko
09:11:12,/newmpms/log.php,,150.89.227.15,L505-15.is.oit.ac.jp,Mozilla/5.0 (Windows NT 6.1; WOW64; Trident/7.0; rv:11.0) like Gecko
09:11:12,/newmpms/log.php,,150.89.227.15,L505-15.is.oit.ac.jp,Mozilla/5.0 (Windows NT 6.1; WOW64; Trident/7.0; rv:11.0) like Gecko
09:11:13,/newmpms/log.php,,150.89.227.15,L505-15.is.oit.ac.jp,Mozilla/5.0 (Windows NT 6.1; WOW64; Trident/7.0; rv:11.0) like Gecko
09:11:13,/newmpms/log.php,,150.89.227.15,L505-15.is.oit.ac.jp,Mozilla/5.0 (Windows NT 6.1; WOW64; Trident/7.0; rv:11.0) like Gecko
2014/11/27/09:11:00,/newmpms/log.php,,150.89.227.15,L505-15.is.oit.ac.jp,Mozilla/5.0 (Windows NT 6.1; WOW64; Trident/7.0; rv:11.0) like Gecko
2014/11/27/09:11:02,/newmpms/log.php,,150.89.227.15,L505-15.is.oit.ac.jp,Mozilla/5.0 (Windows NT 6.1; WOW64; Trident/7.0; rv:11.0) like Gecko
2014/11/27/09:11:58,/newmpms/log.php,,150.89.227.15,L505-15.is.oit.ac.jp,Mozilla/5.0 (Windows NT 6.1; WOW64; Trident/7.0; rv:11.0) like Gecko
2014-11-28 09:30:42,/newmpms/log.php,,150.89.227.15,L505-15.is.oit.ac.jp,Mozilla/5.0 (Windows NT 6.1; WOW64; Trident/7.0; rv:11.0) like Gecko
2014-11-27 00:33:47,/newmpms/log.php,,150.89.227.15,L505-15.is.oit.ac.jp,Mozilla/5.0 (Windows NT 6.1; WOW64; Trident/7.0; rv:11.0) like Gecko
,/newmpms/log.php,,150.89.227.15,L505-15.is.oit.ac.jp,Mozilla/5.0 (Windows NT 6.1; WOW64; Trident/7.0; rv:11.0) like Gecko
,/newmpms/log.php,,150.89.227.15,L505-15.is.oit.ac.jp,Mozilla/5.0 (Windows NT 6.1; WOW64; Trident/7.0; rv:11.0) like Gecko
2014-11-28 09:39:32,/newmpms/log.php,,150.89.227.15,L505-15.is.oit.ac.jp,Mozilla/5.0 (Windows NT 6.1; WOW64; Trident/7.0; rv:11.0) like Gecko
2014-11-28 14:40:24,/newmpms/log.php,,150.89.227.15,L505-15.is.oit.ac.jp,Mozilla/5.0 (Windows NT 6.1; WOW64; Trident/7.0; rv:11.0) like Gecko
2014-11-28 14:31:35,/newmpms/log.php,,150.89.227.15,L505-15.is.oit.ac.jp,Mozilla/5.0 (Windows NT 6.1; WOW64; Trident/7.0; rv:11.0) like Gecko
2014-11-28 14:31:40,/newmpms/log.php,,150.89.227.15,L505-15.is.oit.ac.jp,Mozilla/5.0 (Windows NT 6.1; WOW64; Trident/7.0; rv:11.0) like Gecko
2014-11-28 14:31:40,/newmpms/log.php,,150.89.227.15,L505-15.is.oit.ac.jp,Mozilla/5.0 (Windows NT 6.1; WOW64; Trident/7.0; rv:11.0) like Gecko
2014-11-28 14:38:28,/newmpms/top.php,http://l505-15.is.oit.ac.jp/mpms/keyserch.php,150.89.227.15,L505-15.is.oit.ac.jp,Mozilla/5.0 (Windows NT 6.1; WOW64; Trident/7.0; rv:11.0) like Gecko
2014-11-28 14:38:29,/newmpms/top.php,http://l505-15.is.oit.ac.jp/mpms/keyserch.php,150.89.227.15,L505-15.is.oit.ac.jp,Mozilla/5.0 (Windows NT 6.1; WOW64; Trident/7.0; rv:11.0) like Gecko
2014-11-28 14:38:31,/newmpms/chart.php,http://l505-15.is.oit.ac.jp/mpms/top.php,150.89.227.15,L505-15.is.oit.ac.jp,Mozilla/5.0 (Windows NT 6.1; WOW64; Trident/7.0; rv:11.0) like Gecko
2014-11-28 14:38:32,/newmpms/top.php,http://l505-15.is.oit.ac.jp/mpms/keyserch.php,150.89.227.15,L505-15.is.oit.ac.jp,Mozilla/5.0 (Windows NT 6.1; WOW64; Trident/7.0; rv:11.0) like Gecko
2014-11-28 14:38:34,/newmpms/top.php,http://l505-15.is.oit.ac.jp/mpms/keyserch.php,150.89.227.15,L505-15.is.oit.ac.jp,Mozilla/5.0 (Windows NT 6.1; WOW64; Trident/7.0; rv:11.0) like Gecko
2014-11-28 14:38:35,/newmpms/mine.php,http://l505-15.is.oit.ac.jp/mpms/top.php,150.89.227.15,L505-15.is.oit.ac.jp,Mozilla/5.0 (Windows NT 6.1; WOW64; Trident/7.0; rv:11.0) like Gecko
2014-11-28 14:38:36,/newmpms/top.php,http://l505-15.is.oit.ac.jp/mpms/keyserch.php,150.89.227.15,L505-15.is.oit.ac.jp,Mozilla/5.0 (Windows NT 6.1; WOW64; Trident/7.0; rv:11.0) like Gecko
2014-11-28 14:55:06,/newmpms/log.php,,150.89.227.15,L505-15.is.oit.ac.jp,Mozilla/5.0 (Windows NT 6.1; WOW64; Trident/7.0; rv:11.0) like Gecko
2014-11-28 14:55:07,/newmpms/log.php,,150.89.227.15,L505-15.is.oit.ac.jp,Mozilla/5.0 (Windows NT 6.1; WOW64; Trident/7.0; rv:11.0) like Gecko
2014-11-28 14:55:48,/newmpms/log.php,,150.89.227.15,L505-15.is.oit.ac.jp,Mozilla/5.0 (Windows NT 6.1; WOW64; Trident/7.0; rv:11.0) like Gecko
2014-11-28 14:55:48,/newmpms/log.php,,150.89.227.15,L505-15.is.oit.ac.jp,Mozilla/5.0 (Windows NT 6.1; WOW64; Trident/7.0; rv:11.0) like Gecko
2014-11-28 14:55:49,/newmpms/log.php,,150.89.227.15,L505-15.is.oit.ac.jp,Mozilla/5.0 (Windows NT 6.1; WOW64; Trident/7.0; rv:11.0) like Gecko
2014-11-28 14:55:50,/newmpms/log.php,,150.89.227.15,L505-15.is.oit.ac.jp,Mozilla/5.0 (Windows NT 6.1; WOW64; Trident/7.0; rv:11.0) like Gecko
2014-11-28 14:55:50,/newmpms/log.php,,150.89.227.15,L505-15.is.oit.ac.jp,Mozilla/5.0 (Windows NT 6.1; WOW64; Trident/7.0; rv:11.0) like Gecko
2014-11-28 14:55:51,/newmpms/log.php,,150.89.227.15,L505-15.is.oit.ac.jp,Mozilla/5.0 (Windows NT 6.1; WOW64; Trident/7.0; rv:11.0) like Gecko
2014-11-28 14:55:57,/newmpms/mine.php,http://l505-15.is.oit.ac.jp/mpms/top.php,150.89.227.15,L505-15.is.oit.ac.jp,Mozilla/5.0 (Windows NT 6.1; WOW64; Trident/7.0; rv:11.0) like Gecko
2014-11-28 14:55:59,/newmpms/mine.php,http://l505-15.is.oit.ac.jp/mpms/top.php,150.89.227.15,L505-15.is.oit.ac.jp,Mozilla/5.0 (Windows NT 6.1; WOW64; Trident/7.0; rv:11.0) like Gecko
2014-11-28 14:56:00,/newmpms/mine.php,http://l505-15.is.oit.ac.jp/mpms/top.php,150.89.227.15,L505-15.is.oit.ac.jp,Mozilla/5.0 (Windows NT 6.1; WOW64; Trident/7.0; rv:11.0) like Gecko
2014-11-28 14:56:01,/newmpms/mine.php,http://l505-15.is.oit.ac.jp/mpms/top.php,150.89.227.15,L505-15.is.oit.ac.jp,Mozilla/5.0 (Windows NT 6.1; WOW64; Trident/7.0; rv:11.0) like Gecko
2014-11-28 14:56:02,/newmpms/mine.php,http://l505-15.is.oit.ac.jp/mpms/top.php,150.89.227.15,L505-15.is.oit.ac.jp,Mozilla/5.0 (Windows NT 6.1; WOW64; Trident/7.0; rv:11.0) like Gecko
2014-11-28 14:56:02,/newmpms/mine.php,http://l505-15.is.oit.ac.jp/mpms/top.php,150.89.227.15,L505-15.is.oit.ac.jp,Mozilla/5.0 (Windows NT 6.1; WOW64; Trident/7.0; rv:11.0) like Gecko
2014-11-28 15:12:11,/newmpms/top.php,http://l505-15.is.oit.ac.jp/mpms/chart.php,150.89.227.15,L505-15.is.oit.ac.jp,Mozilla/5.0 (Windows NT 6.1; WOW64; Trident/7.0; rv:11.0) like Gecko
2014-11-28 15:12:15,/newmpms/mine.php,http://l505-15.is.oit.ac.jp/mpms/top.php,150.89.227.15,L505-15.is.oit.ac.jp,Mozilla/5.0 (Windows NT 6.1; WOW64; Trident/7.0; rv:11.0) like Gecko
2014-11-28 15:12:16,/newmpms/top.php,http://l505-15.is.oit.ac.jp/mpms/chart.php,150.89.227.15,L505-15.is.oit.ac.jp,Mozilla/5.0 (Windows NT 6.1; WOW64; Trident/7.0; rv:11.0) like Gecko
2014-11-28 15:12:18,/newmpms/chart.php,http://l505-15.is.oit.ac.jp/mpms/top.php,150.89.227.15,L505-15.is.oit.ac.jp,Mozilla/5.0 (Windows NT 6.1; WOW64; Trident/7.0; rv:11.0) like Gecko
2014-11-28 15:12:20,/newmpms/chart.php,http://l505-15.is.oit.ac.jp/mpms/top.php,150.89.227.15,L505-15.is.oit.ac.jp,Mozilla/5.0 (Windows NT 6.1; WOW64; Trident/7.0; rv:11.0) like Gecko
2014-11-28 15:12:20,/newmpms/chart.php,http://l505-15.is.oit.ac.jp/mpms/top.php,150.89.227.15,L505-15.is.oit.ac.jp,Mozilla/5.0 (Windows NT 6.1; WOW64; Trident/7.0; rv:11.0) like Gecko
2014-11-28 15:13:12,/newmpms/top.php,http://l505-15.is.oit.ac.jp/mpms/index.php,150.89.227.15,L505-15.is.oit.ac.jp,Mozilla/5.0 (Windows NT 6.1; WOW64) AppleWebKit/537.36 (KHTML， like Gecko) Chrome/39.0.2171.71 Safari/537.36
2014-11-28 15:13:13,/newmpms/mine.php,http://l505-15.is.oit.ac.jp/mpms/top.php,150.89.227.15,L505-15.is.oit.ac.jp,Mozilla/5.0 (Windows NT 6.1; WOW64) AppleWebKit/537.36 (KHTML， like Gecko) Chrome/39.0.2171.71 Safari/537.36
2014-11-28 15:13:15,/newmpms/top.php,http://l505-15.is.oit.ac.jp/mpms/mine.php,150.89.227.15,L505-15.is.oit.ac.jp,Mozilla/5.0 (Windows NT 6.1; WOW64) AppleWebKit/537.36 (KHTML， like Gecko) Chrome/39.0.2171.71 Safari/537.36
2014-11-28 15:13:16,/newmpms/chart.php,http://l505-15.is.oit.ac.jp/mpms/top.php,150.89.227.15,L505-15.is.oit.ac.jp,Mozilla/5.0 (Windows NT 6.1; WOW64) AppleWebKit/537.36 (KHTML， like Gecko) Chrome/39.0.2171.71 Safari/537.36
2014-11-28 15:13:19,/newmpms/top.php,http://l505-15.is.oit.ac.jp/mpms/chart.php,150.89.227.15,L505-15.is.oit.ac.jp,Mozilla/5.0 (Windows NT 6.1; WOW64) AppleWebKit/537.36 (KHTML， like Gecko) Chrome/39.0.2171.71 Safari/537.36
2014-11-28 15:26:31,/newmpms/mine.php,http://l505-15.is.oit.ac.jp/mpms/top.php,150.89.227.15,L505-15.is.oit.ac.jp,Mozilla/5.0 (Windows NT 6.1; WOW64) AppleWebKit/537.36 (KHTML， like Gecko) Chrome/39.0.2171.71 Safari/537.36
2014-11-28 15:26:32,/newmpms/top.php,http://l505-15.is.oit.ac.jp/mpms/mine.php,150.89.227.15,L505-15.is.oit.ac.jp,Mozilla/5.0 (Windows NT 6.1; WOW64) AppleWebKit/537.36 (KHTML， like Gecko) Chrome/39.0.2171.71 Safari/537.36
2014-11-28 15:26:32,/newmpms/chart.php,http://l505-15.is.oit.ac.jp/mpms/top.php,150.89.227.15,L505-15.is.oit.ac.jp,Mozilla/5.0 (Windows NT 6.1; WOW64) AppleWebKit/537.36 (KHTML， like Gecko) Chrome/39.0.2171.71 Safari/537.36
2014-11-28 15:26:37,/newmpms/top.php,http://l505-15.is.oit.ac.jp/mpms/chart.php,150.89.227.15,L505-15.is.oit.ac.jp,Mozilla/5.0 (Windows NT 6.1; WOW64) AppleWebKit/537.36 (KHTML， like Gecko) Chrome/39.0.2171.71 Safari/537.36
2014-11-28 15:32:17,/newmpms/top.php,http://www.is.oit.ac.jp/~naka/server/mpms/,150.89.227.15,L505-15.is.oit.ac.jp,Mozilla/5.0 (Linux; Android 4.3; ja-jp; SCL22 Build/JSS15J) AppleWebKit/537.36 (KHTML， like Gecko) Version/1.5 Chrome/28.0.1500.94 Mobile Safari/537.36
2014-11-28 15:44:14,/newmpms/mine.php,http://l505-15.is.oit.ac.jp/mpms/top.php,150.89.227.15,L505-15.is.oit.ac.jp,Mozilla/5.0 (Windows NT 6.1; WOW64) AppleWebKit/537.36 (KHTML， like Gecko) Chrome/39.0.2171.71 Safari/537.36
2014-11-28 15:44:15,/newmpms/top.php,http://l505-15.is.oit.ac.jp/mpms/mine.php,150.89.227.15,L505-15.is.oit.ac.jp,Mozilla/5.0 (Windows NT 6.1; WOW64) AppleWebKit/537.36 (KHTML， like Gecko) Chrome/39.0.2171.71 Safari/537.36
2014-11-28 15:44:16,/newmpms/chart.php,http://l505-15.is.oit.ac.jp/mpms/top.php,150.89.227.15,L505-15.is.oit.ac.jp,Mozilla/5.0 (Windows NT 6.1; WOW64) AppleWebKit/537.36 (KHTML， like Gecko) Chrome/39.0.2171.71 Safari/537.36
2014-11-28 15:44:18,/newmpms/top.php,http://l505-15.is.oit.ac.jp/mpms/chart.php,150.89.227.15,L505-15.is.oit.ac.jp,Mozilla/5.0 (Windows NT 6.1; WOW64) AppleWebKit/537.36 (KHTML， like Gecko) Chrome/39.0.2171.71 Safari/537.36
2014-11-28 15:45:12,/newmpms/mine.php,http://l505-15.is.oit.ac.jp/mpms/top.php,150.89.227.15,L505-15.is.oit.ac.jp,Mozilla/5.0 (Windows NT 6.1; WOW64) AppleWebKit/537.36 (KHTML， like Gecko) Chrome/39.0.2171.71 Safari/537.36
2014-11-28 15:45:14,/newmpms/top.php,http://l505-15.is.oit.ac.jp/mpms/chart.php,150.89.227.15,L505-15.is.oit.ac.jp,Mozilla/5.0 (Windows NT 6.1; WOW64) AppleWebKit/537.36 (KHTML， like Gecko) Chrome/39.0.2171.71 Safari/537.36
2014-11-28 15:45:14,/newmpms/chart.php,http://l505-15.is.oit.ac.jp/mpms/top.php,150.89.227.15,L505-15.is.oit.ac.jp,Mozilla/5.0 (Windows NT 6.1; WOW64) AppleWebKit/537.36 (KHTML， like Gecko) Chrome/39.0.2171.71 Safari/537.36
2014-11-28 15:45:16,/newmpms/top.php,http://l505-15.is.oit.ac.jp/mpms/chart.php,150.89.227.15,L505-15.is.oit.ac.jp,Mozilla/5.0 (Windows NT 6.1; WOW64) AppleWebKit/537.36 (KHTML， like Gecko) Chrome/39.0.2171.71 Safari/537.36
2014-11-28 15:46:04,/newmpms/mine.php,http://l505-15.is.oit.ac.jp/mpms/top.php,150.89.227.15,L505-15.is.oit.ac.jp,Mozilla/5.0 (Windows NT 6.1; WOW64) AppleWebKit/537.36 (KHTML， like Gecko) Chrome/39.0.2171.71 Safari/537.36
2014-11-28 15:47:16,/newmpms/top.php,http://www.is.oit.ac.jp/~naka/server/mpms/,150.89.227.15,L505-15.is.oit.ac.jp,Mozilla/5.0 (Linux; Android 4.3; ja-jp; SCL22 Build/JSS15J) AppleWebKit/537.36 (KHTML， like Gecko) Version/1.5 Chrome/28.0.1500.94 Mobile Safari/537.36
2014-11-28 15:49:12,/newmpms/top.php,http://l505-15.is.oit.ac.jp/mpms/mine.php,150.89.227.15,L505-15.is.oit.ac.jp,Mozilla/5.0 (Windows NT 6.1; WOW64) AppleWebKit/537.36 (KHTML， like Gecko) Chrome/39.0.2171.71 Safari/537.36
2014-11-28 15:49:13,/newmpms/mine.php,http://l505-15.is.oit.ac.jp/mpms/top.php,150.89.227.15,L505-15.is.oit.ac.jp,Mozilla/5.0 (Windows NT 6.1; WOW64) AppleWebKit/537.36 (KHTML， like Gecko) Chrome/39.0.2171.71 Safari/537.36
2014-11-28 15:56:01,/newmpms/top.php,http://l505-15.is.oit.ac.jp/mpms/mine.php,150.89.227.15,L505-15.is.oit.ac.jp,Mozilla/5.0 (Windows NT 6.1; WOW64) AppleWebKit/537.36 (KHTML， like Gecko) Chrome/39.0.2171.71 Safari/537.36
2014-11-28 15:56:02,/newmpms/mine.php,http://l505-15.is.oit.ac.jp/mpms/top.php,150.89.227.15,L505-15.is.oit.ac.jp,Mozilla/5.0 (Windows NT 6.1; WOW64) AppleWebKit/537.36 (KHTML， like Gecko) Chrome/39.0.2171.71 Safari/537.36
2014-11-28 16:02:14,/newmpms/mine.php,http://l505-15.is.oit.ac.jp/mpms/top.php,150.89.227.15,L505-15.is.oit.ac.jp,Mozilla/5.0 (Windows NT 6.1; WOW64) AppleWebKit/537.36 (KHTML， like Gecko) Chrome/39.0.2171.71 Safari/537.36
2014-11-28 16:02:57,/newmpms/mine.php,http://l505-15.is.oit.ac.jp/mpms/top.php,150.89.227.15,L505-15.is.oit.ac.jp,Mozilla/5.0 (Windows NT 6.1; WOW64) AppleWebKit/537.36 (KHTML， like Gecko) Chrome/39.0.2171.71 Safari/537.36
2014-11-28 16:04:57,/newmpms/top.php,http://l505-15.is.oit.ac.jp/mpms/mine.php,150.89.227.15,L505-15.is.oit.ac.jp,Mozilla/5.0 (Windows NT 6.1; WOW64) AppleWebKit/537.36 (KHTML， like Gecko) Chrome/39.0.2171.71 Safari/537.36
2014-11-28 16:05:00,/newmpms/mine.php,http://l505-15.is.oit.ac.jp/mpms/top.php,150.89.227.15,L505-15.is.oit.ac.jp,Mozilla/5.0 (Windows NT 6.1; WOW64) AppleWebKit/537.36 (KHTML， like Gecko) Chrome/39.0.2171.71 Safari/537.36
2014-11-28 16:23:15,/newmpms/top.php,http://l505-15.is.oit.ac.jp/mpms/mine.php,150.89.227.15,L505-15.is.oit.ac.jp,Mozilla/5.0 (Windows NT 6.1; WOW64) AppleWebKit/537.36 (KHTML， like Gecko) Chrome/39.0.2171.71 Safari/537.36
2014-11-28 16:23:52,/newmpms/top.php,http://l505-15.is.oit.ac.jp/mpms/mine.php,150.89.227.15,L505-15.is.oit.ac.jp,Mozilla/5.0 (Windows NT 6.1; WOW64) AppleWebKit/537.36 (KHTML， like Gecko) Chrome/39.0.2171.71 Safari/537.36
2014-11-28 16:23:54,/newmpms/top.php,http://l505-15.is.oit.ac.jp/mpms/mine.php,150.89.227.15,L505-15.is.oit.ac.jp,Mozilla/5.0 (Windows NT 6.1; WOW64) AppleWebKit/537.36 (KHTML， like Gecko) Chrome/39.0.2171.71 Safari/537.36
2014-11-28 16:23:56,/newmpms/top.php,http://l505-15.is.oit.ac.jp/mpms/mine.php,150.89.227.15,L505-15.is.oit.ac.jp,Mozilla/5.0 (Windows NT 6.1; WOW64) AppleWebKit/537.36 (KHTML， like Gecko) Chrome/39.0.2171.71 Safari/537.36
2014-11-28 16:23:59,/newmpms/top.php,http://l505-15.is.oit.ac.jp/mpms/mine.php,150.89.227.15,L505-15.is.oit.ac.jp,Mozilla/5.0 (Windows NT 6.1; WOW64) AppleWebKit/537.36 (KHTML， like Gecko) Chrome/39.0.2171.71 Safari/537.36
2014-11-28 16:24:00,/newmpms/serch.php?id=2014-10-21,http://l505-15.is.oit.ac.jp/mpms/date.php,150.89.227.15,L505-15.is.oit.ac.jp,Mozilla/5.0 (Windows NT 6.1; WOW64) AppleWebKit/537.36 (KHTML， like Gecko) Chrome/39.0.2171.71 Safari/537.36
2014-11-28 16:24:02,/newmpms/top.php,http://l505-15.is.oit.ac.jp/mpms/mine.php,150.89.227.15,L505-15.is.oit.ac.jp,Mozilla/5.0 (Windows NT 6.1; WOW64) AppleWebKit/537.36 (KHTML， like Gecko) Chrome/39.0.2171.71 Safari/537.36
2014-11-28 16:25:41,/newmpms/top.php,http://l505-15.is.oit.ac.jp/mpms/date.php,150.89.227.15,L505-15.is.oit.ac.jp,Mozilla/5.0 (Windows NT 6.1; WOW64) AppleWebKit/537.36 (KHTML， like Gecko) Chrome/39.0.2171.71 Safari/537.36
2014-11-28 16:25:44,/newmpms/top.php,http://l505-15.is.oit.ac.jp/mpms/keyserch.php,150.89.227.15,L505-15.is.oit.ac.jp,Mozilla/5.0 (Windows NT 6.1; WOW64) AppleWebKit/537.36 (KHTML， like Gecko) Chrome/39.0.2171.71 Safari/537.36
2014-11-28 16:25:48,/newmpms/top.php,http://l505-15.is.oit.ac.jp/mpms/mine.php,150.89.227.15,L505-15.is.oit.ac.jp,Mozilla/5.0 (Windows NT 6.1; WOW64) AppleWebKit/537.36 (KHTML， like Gecko) Chrome/39.0.2171.71 Safari/537.36
2014-11-28 16:25:51,/newmpms/serch.php?id=2014-10-14,http://l505-15.is.oit.ac.jp/mpms/date.php,150.89.227.15,L505-15.is.oit.ac.jp,Mozilla/5.0 (Windows NT 6.1; WOW64) AppleWebKit/537.36 (KHTML， like Gecko) Chrome/39.0.2171.71 Safari/537.36
2014-11-28 16:27:02,/newmpms/top.php,http://l505-15.is.oit.ac.jp/mpms/mine.php,150.89.227.15,L505-15.is.oit.ac.jp,Mozilla/5.0 (Windows NT 6.1; WOW64) AppleWebKit/537.36 (KHTML， like Gecko) Chrome/39.0.2171.71 Safari/537.36
2014-11-28 16:27:48,/newmpms/top.php,http://l505-15.is.oit.ac.jp/mpms/mine.php,150.89.227.15,L505-15.is.oit.ac.jp,Mozilla/5.0 (Windows NT 6.1; WOW64) AppleWebKit/537.36 (KHTML， like Gecko) Chrome/39.0.2171.71 Safari/537.36
2014-11-28 16:27:51,/newmpms/top.php,http://l505-15.is.oit.ac.jp/mpms/mine.php,150.89.227.15,L505-15.is.oit.ac.jp,Mozilla/5.0 (Windows NT 6.1; WOW64) AppleWebKit/537.36 (KHTML， like Gecko) Chrome/39.0.2171.71 Safari/537.36
2014-11-28 16:27:55,/newmpms/top.php,http://l505-15.is.oit.ac.jp/mpms/mine.php,150.89.227.15,L505-15.is.oit.ac.jp,Mozilla/5.0 (Windows NT 6.1; WOW64) AppleWebKit/537.36 (KHTML， like Gecko) Chrome/39.0.2171.71 Safari/537.36
2014-11-28 16:28:08,/newmpms/top.php,http://l505-15.is.oit.ac.jp/mpms/mine.php,150.89.227.15,L505-15.is.oit.ac.jp,Mozilla/5.0 (Windows NT 6.1; WOW64) AppleWebKit/537.36 (KHTML， like Gecko) Chrome/39.0.2171.71 Safari/537.36
2014-11-28 16:28:29,/newmpms/top.php,http://l505-15.is.oit.ac.jp/mpms/mine.php,150.89.227.15,L505-15.is.oit.ac.jp,Mozilla/5.0 (Windows NT 6.1; WOW64) AppleWebKit/537.36 (KHTML， like Gecko) Chrome/39.0.2171.71 Safari/537.36
2014-11-28 16:29:08,/newmpms/top.php,http://l505-15.is.oit.ac.jp/mpms/mine.php,150.89.227.15,L505-15.is.oit.ac.jp,Mozilla/5.0 (Windows NT 6.1; WOW64) AppleWebKit/537.36 (KHTML， like Gecko) Chrome/39.0.2171.71 Safari/537.36
2014-11-28 16:29:33,/newmpms/top.php,http://l505-15.is.oit.ac.jp/mpms/chart.php,150.89.227.15,L505-15.is.oit.ac.jp,Mozilla/5.0 (Windows NT 6.1; WOW64) AppleWebKit/537.36 (KHTML， like Gecko) Chrome/39.0.2171.71 Safari/537.36
2014-11-28 16:58:32,/newmpms/top.php,http://l505-15.is.oit.ac.jp/mpms/index.php,150.89.227.15,L505-15.is.oit.ac.jp,Mozilla/4.0 (compatible; MSIE 7.0; Windows NT 6.3; WOW64; Trident/7.0; .NET4.0E; .NET4.0C; .NET CLR 3.5.30729; .NET CLR 2.0.50727; .NET CLR 3.0.30729; Tablet PC 2.0)
2014-11-28 16:59:14,/newmpms/top.php,http://l505-15.is.oit.ac.jp/mpms/date.php,150.89.227.15,L505-15.is.oit.ac.jp,Mozilla/4.0 (compatible; MSIE 7.0; Windows NT 6.3; WOW64; Trident/7.0; .NET4.0E; .NET4.0C; .NET CLR 3.5.30729; .NET CLR 2.0.50727; .NET CLR 3.0.30729; Tablet PC 2.0)
2014-11-28 17:23:09,/newmpms/log.php,,150.89.227.15,L505-15.is.oit.ac.jp,Mozilla/5.0 (Windows NT 6.1; WOW64; Trident/7.0; rv:11.0) like Gecko
2014-11-28 17:23:22,/newmpms/top.php,,150.89.227.15,L505-15.is.oit.ac.jp,Mozilla/5.0 (Windows NT 6.1; WOW64; Trident/7.0; rv:11.0) like Gecko
2014-11-28 17:25:22,/newmpms/top.php,,150.89.227.15,L505-15.is.oit.ac.jp,Mozilla/5.0 (Windows NT 6.1; WOW64; Trident/7.0; rv:11.0) like Gecko
2014-11-28 17:26:40,/newmpms/top.php,,150.89.227.15,L505-15.is.oit.ac.jp,Mozilla/5.0 (Windows NT 6.1; WOW64; Trident/7.0; rv:11.0) like Gecko
2014-11-28 17:27:16,/newmpms/top.php,http://l505-15.is.oit.ac.jp/mpms/mine.php,150.89.227.15,L505-15.is.oit.ac.jp,Mozilla/5.0 (Windows NT 6.1; WOW64; Trident/7.0; rv:11.0) like Gecko
2014-11-28 17:29:45,/newmpms/top.php,http://l505-15.is.oit.ac.jp/mpms/chart.php,150.89.227.15,L505-15.is.oit.ac.jp,Mozilla/5.0 (Windows NT 6.1; WOW64; Trident/7.0; rv:11.0) like Gecko
2014-11-28 17:39:06,/newmpms/top.php,http://l505-15.is.oit.ac.jp/mpms/chart.php,150.89.227.15,L505-15.is.oit.ac.jp,Mozilla/5.0 (Windows NT 6.1; WOW64; Trident/7.0; rv:11.0) like Gecko
2014-11-28 17:47:46,/newmpms/top.php,http://l505-15.is.oit.ac.jp/mpms/date.php,150.89.227.15,L505-15.is.oit.ac.jp,Mozilla/5.0 (Windows NT 6.1; WOW64; Trident/7.0; rv:11.0) like Gecko
2014-11-28 17:51:17,/newmpms/top.php,http://l505-15.is.oit.ac.jp/mpms/keyserch.php,150.89.227.15,L505-15.is.oit.ac.jp,Mozilla/5.0 (Windows NT 6.1; WOW64; Trident/7.0; rv:11.0) like Gecko
2014-11-28 17:58:04,/newmpms/top.php,http://l505-15.is.oit.ac.jp/mpms/index.php,150.89.227.15,L505-15.is.oit.ac.jp,Mozilla/5.0 (Windows NT 6.1; WOW64; Trident/7.0; rv:11.0) like Gecko
2014-11-28 17:59:17,/newmpms/top.php,http://www.is.oit.ac.jp/~naka/server/mpms/,150.89.227.15,L505-15.is.oit.ac.jp,Mozilla/5.0 (Linux; Android 4.3; ja-jp; SCL22 Build/JSS15J) AppleWebKit/537.36 (KHTML， like Gecko) Version/1.5 Chrome/28.0.1500.94 Mobile Safari/537.36
2014-11-28 21:32:20,/newmpms/top.php,http://l505-15.is.oit.ac.jp/mpms/index.php,150.89.227.15,L505-15.is.oit.ac.jp,Mozilla/4.0 (compatible; MSIE 7.0; Windows NT 6.3; WOW64; Trident/7.0; .NET4.0E; .NET4.0C; .NET CLR 3.5.30729; .NET CLR 2.0.50727; .NET CLR 3.0.30729; Tablet PC 2.0)
2014-11-30 11:12:04,/newmpms/top.php,http://l505-15.is.oit.ac.jp/mpms/index.php,150.89.227.15,L505-15.is.oit.ac.jp,Mozilla/5.0 (Windows NT 6.1; WOW64; Trident/7.0; rv:11.0) like Gecko
2014-11-30 11:12:11,/newmpms/top.php,http://l505-15.is.oit.ac.jp/mpms/chart.php,150.89.227.15,L505-15.is.oit.ac.jp,Mozilla/5.0 (Windows NT 6.1; WOW64; Trident/7.0; rv:11.0) like Gecko
2014-11-30 11:12:26,/newmpms/top.php,http://l505-15.is.oit.ac.jp/mpms/chart.php,150.89.227.15,L505-15.is.oit.ac.jp,Mozilla/5.0 (Windows NT 6.1; WOW64; Trident/7.0; rv:11.0) like Gecko
2014-11-30 11:12:38,/newmpms/top.php,http://l505-15.is.oit.ac.jp/mpms/mine.php,150.89.227.15,L505-15.is.oit.ac.jp,Mozilla/5.0 (Windows NT 6.1; WOW64; Trident/7.0; rv:11.0) like Gecko
2014-11-30 11:12:45,/newmpms/top.php,http://l505-15.is.oit.ac.jp/mpms/mine.php,150.89.227.15,L505-15.is.oit.ac.jp,Mozilla/5.0 (Windows NT 6.1; WOW64; Trident/7.0; rv:11.0) like Gecko
2014-11-30 16:21:38,/newmpms/log.php,,150.89.227.15,L505-15.is.oit.ac.jp,Mozilla/5.0 (Windows NT 6.1; WOW64; Trident/7.0; rv:11.0) like Gecko
2014-12-02 11:05:57,/newmpms/top.php,http://l505-15.is.oit.ac.jp/mpms/index.php,150.89.227.15,L505-15.is.oit.ac.jp,Mozilla/5.0 (X11; Ubuntu; Linux x86_64; rv:31.0) Gecko/20100101 Firefox/31.0
2014-12-02 11:07:49,/newmpms/top.php,http://l505-15.is.oit.ac.jp/mpms/index.php,150.89.227.15,L505-15.is.oit.ac.jp,Mozilla/5.0 (X11; Ubuntu; Linux x86_64; rv:31.0) Gecko/20100101 Firefox/31.0
2014-12-02 11:07:59,/newmpms/top.php,http://l505-15.is.oit.ac.jp/mpms/,150.89.227.15,L505-15.is.oit.ac.jp,Mozilla/5.0 (iPad; CPU OS 7_1_2 like Mac OS X) AppleWebKit/537.51.2 (KHTML， like Gecko) Mobile/11D257
2014-12-02 11:08:28,/newmpms/top.php,http://l505-15.is.oit.ac.jp/mpms/index.php,150.89.227.15,L505-15.is.oit.ac.jp,Mozilla/5.0 (X11; Ubuntu; Linux x86_64; rv:31.0) Gecko/20100101 Firefox/31.0
2014-12-02 11:08:57,/newmpms/top.php,http://l505-15.is.oit.ac.jp/mpms/index.php,150.89.227.15,L505-15.is.oit.ac.jp,Mozilla/5.0 (X11; Ubuntu; Linux x86_64; rv:31.0) Gecko/20100101 Firefox/31.0
2014-12-02 11:09:13,/newmpms/top.php,http://l505-15.is.oit.ac.jp/mpms/index.php,150.89.227.15,L505-15.is.oit.ac.jp,Mozilla/5.0 (X11; Ubuntu; Linux x86_64; rv:31.0) Gecko/20100101 Firefox/31.0
2014-12-02 11:10:57,/newmpms/top.php,http://l505-15.is.oit.ac.jp/mpms/index.php,150.89.227.15,L505-15.is.oit.ac.jp,Mozilla/5.0 (X11; Ubuntu; Linux x86_64; rv:31.0) Gecko/20100101 Firefox/31.0
2014-12-02 11:11:11,/newmpms/top.php,http://l505-15.is.oit.ac.jp/mpms/chart.php,150.89.227.15,L505-15.is.oit.ac.jp,Mozilla/5.0 (X11; Ubuntu; Linux x86_64; rv:31.0) Gecko/20100101 Firefox/31.0
2014-12-02 11:11:18,/newmpms/top.php,http://l505-15.is.oit.ac.jp/mpms/index.php,150.89.227.15,L505-15.is.oit.ac.jp,Mozilla/5.0 (X11; Ubuntu; Linux x86_64; rv:31.0) Gecko/20100101 Firefox/31.0
2014-12-02 13:23:18,/newmpms/top.php,http://l505-15.is.oit.ac.jp/mpms/index.php,150.89.227.15,L505-15.is.oit.ac.jp,Mozilla/5.0 (X11; Ubuntu; Linux x86_64; rv:31.0) Gecko/20100101 Firefox/31.0
2014-12-02 13:23:20,/newmpms/top.php,http://l505-15.is.oit.ac.jp/mpms/index.php,150.89.227.15,L505-15.is.oit.ac.jp,Mozilla/5.0 (X11; Ubuntu; Linux x86_64; rv:31.0) Gecko/20100101 Firefox/31.0
2014-12-02 13:23:27,/newmpms/top.php,http://l505-15.is.oit.ac.jp/mpms/index.php,150.89.227.15,L505-15.is.oit.ac.jp,Mozilla/5.0 (X11; Ubuntu; Linux x86_64; rv:31.0) Gecko/20100101 Firefox/31.0
2014-12-02 13:23:29,/newmpms/top.php,http://l505-15.is.oit.ac.jp/mpms/mine.php,150.89.227.15,L505-15.is.oit.ac.jp,Mozilla/5.0 (X11; Ubuntu; Linux x86_64; rv:31.0) Gecko/20100101 Firefox/31.0
2014-12-02 13:23:33,/newmpms/top.php,http://l505-15.is.oit.ac.jp/mpms/index.php,150.89.227.15,L505-15.is.oit.ac.jp,Mozilla/5.0 (X11; Ubuntu; Linux x86_64; rv:31.0) Gecko/20100101 Firefox/31.0
2014-12-02 13:23:36,/newmpms/top.php,http://l505-15.is.oit.ac.jp/mpms/index.php,150.89.227.15,L505-15.is.oit.ac.jp,Mozilla/5.0 (X11; Ubuntu; Linux x86_64; rv:31.0) Gecko/20100101 Firefox/31.0
2014-12-02 13:23:41,/newmpms/top.php,http://l505-15.is.oit.ac.jp/mpms/index.php,150.89.227.15,L505-15.is.oit.ac.jp,Mozilla/5.0 (X11; Ubuntu; Linux x86_64; rv:31.0) Gecko/20100101 Firefox/31.0
2014-12-02 13:24:49,/newmpms/top.php,http://l505-15.is.oit.ac.jp/mpms/index.php,150.89.227.15,L505-15.is.oit.ac.jp,Mozilla/5.0 (X11; Ubuntu; Linux x86_64; rv:31.0) Gecko/20100101 Firefox/31.0
2014-12-02 13:29:28,/newmpms/top.php,http://l505-15.is.oit.ac.jp/mpms/index.php,150.89.227.15,L505-15.is.oit.ac.jp,Mozilla/5.0 (X11; Ubuntu; Linux x86_64; rv:31.0) Gecko/20100101 Firefox/31.0
2014-12-02 14:27:41,/newmpms/top.php,http://l505-15.is.oit.ac.jp/mpms/index.php,150.89.227.15,L505-15.is.oit.ac.jp,Mozilla/5.0 (X11; Ubuntu; Linux x86_64; rv:31.0) Gecko/20100101 Firefox/31.0
2014-12-02 14:27:52,/newmpms/top.php,http://l505-15.is.oit.ac.jp/mpms/chart.php,150.89.227.15,L505-15.is.oit.ac.jp,Mozilla/5.0 (X11; Ubuntu; Linux x86_64; rv:31.0) Gecko/20100101 Firefox/31.0
2014-12-02 14:53:21,/newmpms/top.php,http://l505-15.is.oit.ac.jp/mpms/index.php,150.89.227.15,L505-15.is.oit.ac.jp,Mozilla/4.0 (compatible; MSIE 7.0; Windows NT 6.3; WOW64; Trident/7.0; .NET4.0E; .NET4.0C; .NET CLR 3.5.30729; .NET CLR 2.0.50727; .NET CLR 3.0.30729; Tablet PC 2.0)
2014-12-02 14:53:41,/newmpms/top.php,http://l505-15.is.oit.ac.jp/mpms/mine.php,150.89.227.15,L505-15.is.oit.ac.jp,Mozilla/4.0 (compatible; MSIE 7.0; Windows NT 6.3; WOW64; Trident/7.0; .NET4.0E; .NET4.0C; .NET CLR 3.5.30729; .NET CLR 2.0.50727; .NET CLR 3.0.30729; Tablet PC 2.0)
2014-12-02 14:53:43,/newmpms/top.php,http://l505-15.is.oit.ac.jp/mpms/date.php,150.89.227.15,L505-15.is.oit.ac.jp,Mozilla/4.0 (compatible; MSIE 7.0; Windows NT 6.3; WOW64; Trident/7.0; .NET4.0E; .NET4.0C; .NET CLR 3.5.30729; .NET CLR 2.0.50727; .NET CLR 3.0.30729; Tablet PC 2.0)
2014-12-02 14:53:45,/newmpms/top.php,http://l505-15.is.oit.ac.jp/mpms/keyserch.php,150.89.227.15,L505-15.is.oit.ac.jp,Mozilla/4.0 (compatible; MSIE 7.0; Windows NT 6.3; WOW64; Trident/7.0; .NET4.0E; .NET4.0C; .NET CLR 3.5.30729; .NET CLR 2.0.50727; .NET CLR 3.0.30729; Tablet PC 2.0)
2014-12-02 14:53:58,/newmpms/top.php,http://l505-15.is.oit.ac.jp/mpms/chart.php,150.89.227.15,L505-15.is.oit.ac.jp,Mozilla/4.0 (compatible; MSIE 7.0; Windows NT 6.3; WOW64; Trident/7.0; .NET4.0E; .NET4.0C; .NET CLR 3.5.30729; .NET CLR 2.0.50727; .NET CLR 3.0.30729; Tablet PC 2.0)
2014-12-02 14:54:23,/newmpms/top.php,http://l505-15.is.oit.ac.jp/mpms/chart.php,150.89.227.15,L505-15.is.oit.ac.jp,Mozilla/4.0 (compatible; MSIE 7.0; Windows NT 6.3; WOW64; Trident/7.0; .NET4.0E; .NET4.0C; .NET CLR 3.5.30729; .NET CLR 2.0.50727; .NET CLR 3.0.30729; Tablet PC 2.0)
2014-12-02 15:12:08,/newmpms/top.php,http://l505-15.is.oit.ac.jp/mpms/index.php,150.89.227.15,L505-15.is.oit.ac.jp,Mozilla/4.0 (compatible; MSIE 7.0; Windows NT 6.3; WOW64; Trident/7.0; .NET4.0E; .NET4.0C; .NET CLR 3.5.30729; .NET CLR 2.0.50727; .NET CLR 3.0.30729; Tablet PC 2.0)
2014-12-02 15:12:37,/newmpms/top.php,http://l505-15.is.oit.ac.jp/mpms/mine.php,150.89.227.15,L505-15.is.oit.ac.jp,Mozilla/4.0 (compatible; MSIE 7.0; Windows NT 6.3; WOW64; Trident/7.0; .NET4.0E; .NET4.0C; .NET CLR 3.5.30729; .NET CLR 2.0.50727; .NET CLR 3.0.30729; Tablet PC 2.0)
2014-12-02 15:12:48,/newmpms/top.php,http://l505-15.is.oit.ac.jp/mpms/chart.php,150.89.227.15,L505-15.is.oit.ac.jp,Mozilla/4.0 (compatible; MSIE 7.0; Windows NT 6.3; WOW64; Trident/7.0; .NET4.0E; .NET4.0C; .NET CLR 3.5.30729; .NET CLR 2.0.50727; .NET CLR 3.0.30729; Tablet PC 2.0)
2014-12-02 15:23:06,/newmpms/top.php,http://l505-15.is.oit.ac.jp/mpms/index.php,150.89.227.15,L505-15.is.oit.ac.jp,Mozilla/4.0 (compatible; MSIE 7.0; Windows NT 6.3; WOW64; Trident/7.0; .NET4.0E; .NET4.0C; .NET CLR 3.5.30729; .NET CLR 2.0.50727; .NET CLR 3.0.30729; Tablet PC 2.0)
2014-12-02 15:23:28,/newmpms/top.php,http://l505-15.is.oit.ac.jp/mpms/mine.php,150.89.227.15,L505-15.is.oit.ac.jp,Mozilla/4.0 (compatible; MSIE 7.0; Windows NT 6.3; WOW64; Trident/7.0; .NET4.0E; .NET4.0C; .NET CLR 3.5.30729; .NET CLR 2.0.50727; .NET CLR 3.0.30729; Tablet PC 2.0)
2014-12-03 13:38:13,/newmpms/top.php,http://l505-15.is.oit.ac.jp/mpms/index.php,150.89.227.15,L505-15.is.oit.ac.jp,Mozilla/5.0 (X11; Ubuntu; Linux x86_64; rv:31.0) Gecko/20100101 Firefox/31.0
2014-12-03 13:38:21,/newmpms/top.php,http://l505-15.is.oit.ac.jp/mpms/index.php,150.89.227.15,L505-15.is.oit.ac.jp,Mozilla/5.0 (X11; Ubuntu; Linux x86_64; rv:31.0) Gecko/20100101 Firefox/31.0
2014-12-03 13:39:11,/newmpms/top.php,http://l505-15.is.oit.ac.jp/mpms/index.php,150.89.227.15,L505-15.is.oit.ac.jp,Mozilla/5.0 (X11; Ubuntu; Linux x86_64; rv:31.0) Gecko/20100101 Firefox/31.0
2014-12-03 13:39:28,/newmpms/top.php,http://l505-15.is.oit.ac.jp/mpms/index.php,150.89.227.15,L505-15.is.oit.ac.jp,Mozilla/4.0 (compatible; MSIE 7.0; Windows NT 6.3; WOW64; Trident/7.0; .NET4.0E; .NET4.0C; .NET CLR 3.5.30729; .NET CLR 2.0.50727; .NET CLR 3.0.30729; Tablet PC 2.0)
2014-12-03 13:39:36,/newmpms/top.php,http://l505-15.is.oit.ac.jp/mpms/index.php,150.89.227.15,L505-15.is.oit.ac.jp,Mozilla/4.0 (compatible; MSIE 7.0; Windows NT 6.3; WOW64; Trident/7.0; .NET4.0E; .NET4.0C; .NET CLR 3.5.30729; .NET CLR 2.0.50727; .NET CLR 3.0.30729; Tablet PC 2.0)
2014-12-03 13:51:48,/newmpms/top.php,http://l505-15.is.oit.ac.jp/mpms/index.php,150.89.227.15,L505-15.is.oit.ac.jp,Mozilla/5.0 (X11; Ubuntu; Linux x86_64; rv:31.0) Gecko/20100101 Firefox/31.0
2014-12-03 13:52:50,/newmpms/top.php,http://l505-15.is.oit.ac.jp/mpms/mine.php,150.89.227.15,L505-15.is.oit.ac.jp,Mozilla/5.0 (X11; Ubuntu; Linux x86_64; rv:31.0) Gecko/20100101 Firefox/31.0
2014-12-03 13:53:05,/newmpms/top.php,http://l505-15.is.oit.ac.jp/mpms/mine.php,150.89.227.15,L505-15.is.oit.ac.jp,Mozilla/5.0 (X11; Ubuntu; Linux x86_64; rv:31.0) Gecko/20100101 Firefox/31.0
2014-12-03 14:05:15,/newmpms/top.php,http://l505-15.is.oit.ac.jp/mpms/index.php,150.89.227.15,L505-15.is.oit.ac.jp,Mozilla/4.0 (compatible; MSIE 7.0; Windows NT 6.3; WOW64; Trident/7.0; .NET4.0E; .NET4.0C; .NET CLR 3.5.30729; .NET CLR 2.0.50727; .NET CLR 3.0.30729; Tablet PC 2.0)
2014-12-03 14:05:22,/newmpms/top.php,http://l505-15.is.oit.ac.jp/mpms/index.php,150.89.227.15,L505-15.is.oit.ac.jp,Mozilla/4.0 (compatible; MSIE 7.0; Windows NT 6.3; WOW64; Trident/7.0; .NET4.0E; .NET4.0C; .NET CLR 3.5.30729; .NET CLR 2.0.50727; .NET CLR 3.0.30729; Tablet PC 2.0)
2014-12-03 14:54:24,/newmpms/top.php,http://www.is.oit.ac.jp/~naka/server/mpms/,150.89.227.15,L505-15.is.oit.ac.jp,Mozilla/5.0 (Linux; U; Android 4.0.4; ja-jp; SonySOL21 Build/9.0.F.2.71) AppleWebKit/534.30 (KHTML， like Gecko) Version/4.0 Mobile Safari/534.30
2014-12-03 14:54:59,/newmpms/top.php,http://www.is.oit.ac.jp/~naka/server/mpms/index.php,150.89.227.15,L505-15.is.oit.ac.jp,Mozilla/5.0 (Linux; U; Android 4.0.4; ja-jp; SonySOL21 Build/9.0.F.2.71) AppleWebKit/534.30 (KHTML， like Gecko) Version/4.0 Mobile Safari/534.30
2014-12-03 16:30:51,/newmpms/top.php,http://l505-15.is.oit.ac.jp/mpms/index.php,150.89.227.15,L505-15.is.oit.ac.jp,Mozilla/5.0 (Windows NT 6.1; WOW64; rv:34.0) Gecko/20100101 Firefox/34.0
2014-12-03 16:30:59,/newmpms/top.php,http://l505-15.is.oit.ac.jp/mpms/index.php,150.89.227.15,L505-15.is.oit.ac.jp,Mozilla/5.0 (Windows NT 6.1; WOW64; rv:34.0) Gecko/20100101 Firefox/34.0
2014-12-03 18:06:07,/newmpms/top.php,http://l505-15.is.oit.ac.jp/mpms/index.php,150.89.227.15,L505-15.is.oit.ac.jp,Mozilla/5.0 (Windows NT 6.1; WOW64; Trident/7.0; rv:11.0) like Gecko
2014-12-03 18:25:29,/newmpms/top.php,http://l505-15.is.oit.ac.jp/mpms/date.php,150.89.227.15,L505-15.is.oit.ac.jp,Mozilla/5.0 (Windows NT 6.1; WOW64; Trident/7.0; rv:11.0) like Gecko
2014-12-03 18:49:28,/newmpms/top.php,,150.89.227.15,L505-15.is.oit.ac.jp,Mozilla/5.0 (Linux; U; Android 4.0.4; ja-jp; SonySOL21 Build/9.0.F.2.71) AppleWebKit/534.30 (KHTML， like Gecko) Version/4.0 Mobile Safari/534.30
2014-12-03 23:12:58,/newmpms/top.php,http://l505-15.is.oit.ac.jp/mpms/index.php,150.89.227.15,L505-15.is.oit.ac.jp,Mozilla/5.0 (Windows NT 6.1; WOW64) AppleWebKit/537.36 (KHTML， like Gecko) Chrome/39.0.2171.71 Safari/537.36
2014-12-03 23:13:11,/newmpms/top.php,http://l505-15.is.oit.ac.jp/mpms/chart.php,150.89.227.15,L505-15.is.oit.ac.jp,Mozilla/5.0 (Windows NT 6.1; WOW64) AppleWebKit/537.36 (KHTML， like Gecko) Chrome/39.0.2171.71 Safari/537.36
2014-12-04 09:24:20,/newmpms/top.php,http://l505-15.is.oit.ac.jp/mpms/index.php,150.89.227.15,L505-15.is.oit.ac.jp,Mozilla/4.0 (compatible; MSIE 7.0; Windows NT 6.3; WOW64; Trident/7.0; .NET4.0E; .NET4.0C; .NET CLR 3.5.30729; .NET CLR 2.0.50727; .NET CLR 3.0.30729; Tablet PC 2.0)
2014-12-04 09:24:33,/newmpms/top.php,http://l505-15.is.oit.ac.jp/mpms/index.php,150.89.227.15,L505-15.is.oit.ac.jp,Mozilla/4.0 (compatible; MSIE 7.0; Windows NT 6.3; WOW64; Trident/7.0; .NET4.0E; .NET4.0C; .NET CLR 3.5.30729; .NET CLR 2.0.50727; .NET CLR 3.0.30729; Tablet PC 2.0)
2014-12-04 10:48:56,/newmpms/top.php,http://l505-15.is.oit.ac.jp/mpms/index.php,150.89.227.15,L505-15.is.oit.ac.jp,Mozilla/4.0 (compatible; MSIE 7.0; Windows NT 6.3; WOW64; Trident/7.0; .NET4.0E; .NET4.0C; .NET CLR 3.5.30729; .NET CLR 2.0.50727; .NET CLR 3.0.30729; Tablet PC 2.0)
2014-12-04 10:49:53,/newmpms/top.php,http://l505-15.is.oit.ac.jp/mpms/index.php,150.89.227.15,L505-15.is.oit.ac.jp,Mozilla/4.0 (compatible; MSIE 7.0; Windows NT 6.3; WOW64; Trident/7.0; .NET4.0E; .NET4.0C; .NET CLR 3.5.30729; .NET CLR 2.0.50727; .NET CLR 3.0.30729; Tablet PC 2.0)
2014-12-04 10:50:34,/newmpms/top.php,http://l505-15.is.oit.ac.jp/mpms/index.php,150.89.227.15,L505-15.is.oit.ac.jp,Mozilla/4.0 (compatible; MSIE 7.0; Windows NT 6.3; WOW64; Trident/7.0; .NET4.0E; .NET4.0C; .NET CLR 3.5.30729; .NET CLR 2.0.50727; .NET CLR 3.0.30729; Tablet PC 2.0)
2014-12-04 10:50:52,/newmpms/top.php,http://l505-15.is.oit.ac.jp/mpms/index.php,150.89.227.15,L505-15.is.oit.ac.jp,Mozilla/4.0 (compatible; MSIE 7.0; Windows NT 6.3; WOW64; Trident/7.0; .NET4.0E; .NET4.0C; .NET CLR 3.5.30729; .NET CLR 2.0.50727; .NET CLR 3.0.30729; Tablet PC 2.0)
2014-12-04 10:51:01,/newmpms/top.php,http://l505-15.is.oit.ac.jp/mpms/index.php,150.89.227.15,L505-15.is.oit.ac.jp,Mozilla/4.0 (compatible; MSIE 7.0; Windows NT 6.3; WOW64; Trident/7.0; .NET4.0E; .NET4.0C; .NET CLR 3.5.30729; .NET CLR 2.0.50727; .NET CLR 3.0.30729; Tablet PC 2.0)
2014-12-04 14:21:13,/newmpms/top.php,http://l505-15.is.oit.ac.jp/mpms/index.php,150.89.227.15,L505-15.is.oit.ac.jp,Mozilla/4.0 (compatible; MSIE 7.0; Windows NT 6.3; WOW64; Trident/7.0; .NET4.0E; .NET4.0C; .NET CLR 3.5.30729; .NET CLR 2.0.50727; .NET CLR 3.0.30729; Tablet PC 2.0)
2014-12-04 14:21:29,/newmpms/top.php,http://l505-15.is.oit.ac.jp/mpms/chart.php,150.89.227.15,L505-15.is.oit.ac.jp,Mozilla/4.0 (compatible; MSIE 7.0; Windows NT 6.3; WOW64; Trident/7.0; .NET4.0E; .NET4.0C; .NET CLR 3.5.30729; .NET CLR 2.0.50727; .NET CLR 3.0.30729; Tablet PC 2.0)
2014-12-04 16:56:45,/newmpms/top.php,http://l505-15.is.oit.ac.jp/mpms/index.php,150.89.227.15,L505-15.is.oit.ac.jp,Mozilla/4.0 (compatible; MSIE 7.0; Windows NT 6.3; WOW64; Trident/7.0; .NET4.0E; .NET4.0C; .NET CLR 3.5.30729; .NET CLR 2.0.50727; .NET CLR 3.0.30729; Tablet PC 2.0)
2014-12-05 12:34:12,/newmpms/top.php,http://l505-15.is.oit.ac.jp/mpms/index.php,150.89.227.15,L505-15.is.oit.ac.jp,Mozilla/4.0 (compatible; MSIE 7.0; Windows NT 6.3; WOW64; Trident/7.0; .NET4.0E; .NET4.0C; .NET CLR 3.5.30729; .NET CLR 2.0.50727; .NET CLR 3.0.30729; Tablet PC 2.0)
2014-12-05 12:34:28,/newmpms/top.php,http://l505-15.is.oit.ac.jp/mpms/mine.php,150.89.227.15,L505-15.is.oit.ac.jp,Mozilla/4.0 (compatible; MSIE 7.0; Windows NT 6.3; WOW64; Trident/7.0; .NET4.0E; .NET4.0C; .NET CLR 3.5.30729; .NET CLR 2.0.50727; .NET CLR 3.0.30729; Tablet PC 2.0)
2014-12-08 15:02:21,/newmpms/top.php,http://l505-15.is.oit.ac.jp/mpms/index.php,150.89.227.15,L505-15.is.oit.ac.jp,Mozilla/4.0 (compatible; MSIE 7.0; Windows NT 6.3; WOW64; Trident/7.0; .NET4.0E; .NET4.0C; .NET CLR 3.5.30729; .NET CLR 2.0.50727; .NET CLR 3.0.30729; Tablet PC 2.0)
2014-12-09 11:24:46,/newmpms/top.php,http://l505-15.is.oit.ac.jp/mpms/index.php,150.89.227.15,L505-15.is.oit.ac.jp,Mozilla/5.0 (X11; Ubuntu; Linux x86_64; rv:31.0) Gecko/20100101 Firefox/31.0
2014-12-09 11:25:22,/newmpms/top.php,http://l505-15.is.oit.ac.jp/mpms/mine.php,150.89.227.15,L505-15.is.oit.ac.jp,Mozilla/5.0 (X11; Ubuntu; Linux x86_64; rv:31.0) Gecko/20100101 Firefox/31.0
2014-12-09 11:25:50,/newmpms/top.php,http://l505-15.is.oit.ac.jp/mpms/chart.php,150.89.227.15,L505-15.is.oit.ac.jp,Mozilla/5.0 (X11; Ubuntu; Linux x86_64; rv:31.0) Gecko/20100101 Firefox/31.0
2014-12-09 11:26:02,/newmpms/top.php,http://l505-15.is.oit.ac.jp/mpms/chart.php,150.89.227.15,L505-15.is.oit.ac.jp,Mozilla/5.0 (X11; Ubuntu; Linux x86_64; rv:31.0) Gecko/20100101 Firefox/31.0
2014-12-09 11:26:15,/newmpms/top.php,http://l505-15.is.oit.ac.jp/mpms/index.php,150.89.227.15,L505-15.is.oit.ac.jp,Mozilla/5.0 (X11; Ubuntu; Linux x86_64; rv:31.0) Gecko/20100101 Firefox/31.0
2014-12-09 11:26:25,/newmpms/top.php,http://l505-15.is.oit.ac.jp/mpms/index.php,150.89.227.15,L505-15.is.oit.ac.jp,Mozilla/5.0 (X11; Ubuntu; Linux x86_64; rv:31.0) Gecko/20100101 Firefox/31.0
2014-12-09 11:26:34,/newmpms/top.php,http://l505-15.is.oit.ac.jp/mpms/chart.php,150.89.227.15,L505-15.is.oit.ac.jp,Mozilla/5.0 (X11; Ubuntu; Linux x86_64; rv:31.0) Gecko/20100101 Firefox/31.0
2014-12-09 11:26:37,/newmpms/top.php,http://l505-15.is.oit.ac.jp/mpms/index.php,150.89.227.15,L505-15.is.oit.ac.jp,Mozilla/5.0 (X11; Ubuntu; Linux x86_64; rv:31.0) Gecko/20100101 Firefox/31.0
2014-12-09 11:26:40,/newmpms/top.php,http://l505-15.is.oit.ac.jp/mpms/index.php,150.89.227.15,L505-15.is.oit.ac.jp,Mozilla/5.0 (X11; Ubuntu; Linux x86_64; rv:31.0) Gecko/20100101 Firefox/31.0
2014-12-09 11:28:29,/newmpms/top.php,http://l505-15.is.oit.ac.jp/mpms/index.php,150.89.227.15,L505-15.is.oit.ac.jp,Mozilla/5.0 (X11; Ubuntu; Linux x86_64; rv:31.0) Gecko/20100101 Firefox/31.0
2014-12-09 11:29:33,/newmpms/top.php,http://l505-15.is.oit.ac.jp/mpms/index.php,150.89.227.15,L505-15.is.oit.ac.jp,Mozilla/5.0 (X11; Ubuntu; Linux x86_64; rv:31.0) Gecko/20100101 Firefox/31.0
2014-12-09 11:29:52,/newmpms/top.php,http://l505-15.is.oit.ac.jp/mpms/chart.php,150.89.227.15,L505-15.is.oit.ac.jp,Mozilla/5.0 (X11; Ubuntu; Linux x86_64; rv:31.0) Gecko/20100101 Firefox/31.0
2014-12-09 11:29:57,/newmpms/top.php,http://l505-15.is.oit.ac.jp/mpms/mine.php,150.89.227.15,L505-15.is.oit.ac.jp,Mozilla/5.0 (X11; Ubuntu; Linux x86_64; rv:31.0) Gecko/20100101 Firefox/31.0
2014-12-09 11:42:19,/newmpms/top.php,http://l505-15.is.oit.ac.jp/mpms/index.php,150.89.227.15,L505-15.is.oit.ac.jp,Mozilla/5.0 (X11; Ubuntu; Linux x86_64; rv:31.0) Gecko/20100101 Firefox/31.0
2014-12-09 11:42:31,/newmpms/top.php,http://l505-15.is.oit.ac.jp/mpms/index.php,150.89.227.15,L505-15.is.oit.ac.jp,Mozilla/5.0 (X11; Ubuntu; Linux x86_64; rv:31.0) Gecko/20100101 Firefox/31.0
2014-12-09 11:42:40,/newmpms/top.php,http://l505-15.is.oit.ac.jp/mpms/mine.php,150.89.227.15,L505-15.is.oit.ac.jp,Mozilla/5.0 (X11; Ubuntu; Linux x86_64; rv:31.0) Gecko/20100101 Firefox/31.0
2014-12-09 12:21:23,/newmpms/top.php,http://l505-15.is.oit.ac.jp/mpms/index.php,150.89.227.15,L505-15.is.oit.ac.jp,Mozilla/5.0 (X11; Ubuntu; Linux x86_64; rv:31.0) Gecko/20100101 Firefox/31.0
2014-12-09 12:21:35,/newmpms/top.php,http://l505-15.is.oit.ac.jp/mpms/index.php,150.89.227.15,L505-15.is.oit.ac.jp,Mozilla/5.0 (X11; Ubuntu; Linux x86_64; rv:31.0) Gecko/20100101 Firefox/31.0
2014-12-09 12:21:52,/newmpms/top.php,http://l505-15.is.oit.ac.jp/mpms/index.php,150.89.227.15,L505-15.is.oit.ac.jp,Mozilla/5.0 (X11; Ubuntu; Linux x86_64; rv:31.0) Gecko/20100101 Firefox/31.0
2014-12-09 12:24:13,/newmpms/top.php,http://l505-15.is.oit.ac.jp/mpms/index.php,150.89.227.15,L505-15.is.oit.ac.jp,Mozilla/5.0 (X11; Ubuntu; Linux x86_64; rv:31.0) Gecko/20100101 Firefox/31.0
2014-12-09 13:21:39,/newmpms/top.php,http://l505-15.is.oit.ac.jp/mpms/index.php,150.89.227.15,L505-15.is.oit.ac.jp,Mozilla/5.0 (X11; Ubuntu; Linux x86_64; rv:31.0) Gecko/20100101 Firefox/31.0
2014-12-09 13:21:54,/newmpms/top.php,http://l505-15.is.oit.ac.jp/mpms/chart.php,150.89.227.15,L505-15.is.oit.ac.jp,Mozilla/5.0 (X11; Ubuntu; Linux x86_64; rv:31.0) Gecko/20100101 Firefox/31.0
2014-12-09 13:21:59,/newmpms/top.php,http://l505-15.is.oit.ac.jp/mpms/mine.php,150.89.227.15,L505-15.is.oit.ac.jp,Mozilla/5.0 (X11; Ubuntu; Linux x86_64; rv:31.0) Gecko/20100101 Firefox/31.0
2014-12-09 13:22:53,/newmpms/top.php,http://l505-15.is.oit.ac.jp/mpms/index.php,150.89.227.15,L505-15.is.oit.ac.jp,Mozilla/5.0 (X11; Ubuntu; Linux x86_64; rv:31.0) Gecko/20100101 Firefox/31.0
2014-12-09 13:23:00,/newmpms/top.php,http://l505-15.is.oit.ac.jp/mpms/mine.php,150.89.227.15,L505-15.is.oit.ac.jp,Mozilla/5.0 (X11; Ubuntu; Linux x86_64; rv:31.0) Gecko/20100101 Firefox/31.0
2014-12-09 13:23:10,/newmpms/top.php,http://l505-15.is.oit.ac.jp/mpms/mine.php,150.89.227.15,L505-15.is.oit.ac.jp,Mozilla/5.0 (X11; Ubuntu; Linux x86_64; rv:31.0) Gecko/20100101 Firefox/31.0
2014-12-09 13:23:15,/newmpms/top.php,http://l505-15.is.oit.ac.jp/mpms/index.php,150.89.227.15,L505-15.is.oit.ac.jp,Mozilla/5.0 (X11; Ubuntu; Linux x86_64; rv:31.0) Gecko/20100101 Firefox/31.0
2014-12-09 13:23:18,/newmpms/top.php,http://l505-15.is.oit.ac.jp/mpms/mine.php,150.89.227.15,L505-15.is.oit.ac.jp,Mozilla/5.0 (X11; Ubuntu; Linux x86_64; rv:31.0) Gecko/20100101 Firefox/31.0
2014-12-09 13:23:29,/newmpms/top.php,http://l505-15.is.oit.ac.jp/mpms/mine.php,150.89.227.15,L505-15.is.oit.ac.jp,Mozilla/5.0 (X11; Ubuntu; Linux x86_64; rv:31.0) Gecko/20100101 Firefox/31.0
2014-12-09 13:23:57,/newmpms/top.php,http://l505-15.is.oit.ac.jp/mpms/mine.php,150.89.227.15,L505-15.is.oit.ac.jp,Mozilla/5.0 (X11; Ubuntu; Linux x86_64; rv:31.0) Gecko/20100101 Firefox/31.0
2014-12-09 13:38:00,/newmpms/top.php,http://l505-15.is.oit.ac.jp/mpms/index.php,150.89.227.15,L505-15.is.oit.ac.jp,Mozilla/5.0 (X11; Ubuntu; Linux x86_64; rv:31.0) Gecko/20100101 Firefox/31.0
2014-12-09 13:38:44,/newmpms/top.php,http://l505-15.is.oit.ac.jp/mpms/index.php,150.89.227.15,L505-15.is.oit.ac.jp,Mozilla/5.0 (X11; Ubuntu; Linux x86_64; rv:31.0) Gecko/20100101 Firefox/31.0
2014-12-09 13:38:52,/newmpms/top.php,http://l505-15.is.oit.ac.jp/mpms/chart.php,150.89.227.15,L505-15.is.oit.ac.jp,Mozilla/5.0 (X11; Ubuntu; Linux x86_64; rv:31.0) Gecko/20100101 Firefox/31.0
2014-12-09 13:39:07,/newmpms/top.php,http://l505-15.is.oit.ac.jp/mpms/serch.php?id=2014-10-28,150.89.227.15,L505-15.is.oit.ac.jp,Mozilla/5.0 (X11; Ubuntu; Linux x86_64; rv:31.0) Gecko/20100101 Firefox/31.0
2014-12-09 13:39:12,/newmpms/top.php,http://l505-15.is.oit.ac.jp/mpms/date.php,150.89.227.15,L505-15.is.oit.ac.jp,Mozilla/5.0 (X11; Ubuntu; Linux x86_64; rv:31.0) Gecko/20100101 Firefox/31.0
2014-12-09 14:01:43,/newmpms/top.php,http://l505-15.is.oit.ac.jp/mpms/index.php,150.89.227.15,L505-15.is.oit.ac.jp,Mozilla/4.0 (compatible; MSIE 7.0; Windows NT 6.3; WOW64; Trident/7.0; .NET4.0E; .NET4.0C; .NET CLR 3.5.30729; .NET CLR 2.0.50727; .NET CLR 3.0.30729; Tablet PC 2.0)
2014-12-09 14:01:53,/newmpms/top.php,http://l505-15.is.oit.ac.jp/mpms/mine.php,150.89.227.15,L505-15.is.oit.ac.jp,Mozilla/4.0 (compatible; MSIE 7.0; Windows NT 6.3; WOW64; Trident/7.0; .NET4.0E; .NET4.0C; .NET CLR 3.5.30729; .NET CLR 2.0.50727; .NET CLR 3.0.30729; Tablet PC 2.0)
2014-12-09 14:01:59,/newmpms/top.php,http://l505-15.is.oit.ac.jp/mpms/index.php,150.89.227.15,L505-15.is.oit.ac.jp,Mozilla/4.0 (compatible; MSIE 7.0; Windows NT 6.3; WOW64; Trident/7.0; .NET4.0E; .NET4.0C; .NET CLR 3.5.30729; .NET CLR 2.0.50727; .NET CLR 3.0.30729; Tablet PC 2.0)
2014-12-09 14:02:05,/newmpms/top.php,http://l505-15.is.oit.ac.jp/mpms/index.php,150.89.227.15,L505-15.is.oit.ac.jp,Mozilla/4.0 (compatible; MSIE 7.0; Windows NT 6.3; WOW64; Trident/7.0; .NET4.0E; .NET4.0C; .NET CLR 3.5.30729; .NET CLR 2.0.50727; .NET CLR 3.0.30729; Tablet PC 2.0)
2014-12-09 14:02:09,/newmpms/top.php,http://l505-15.is.oit.ac.jp/mpms/mine.php,150.89.227.15,L505-15.is.oit.ac.jp,Mozilla/4.0 (compatible; MSIE 7.0; Windows NT 6.3; WOW64; Trident/7.0; .NET4.0E; .NET4.0C; .NET CLR 3.5.30729; .NET CLR 2.0.50727; .NET CLR 3.0.30729; Tablet PC 2.0)
2014-12-09 14:38:42,/newmpms/top.php,http://l505-15.is.oit.ac.jp/mpms/index.php,150.89.227.15,L505-15.is.oit.ac.jp,Mozilla/5.0 (X11; Ubuntu; Linux x86_64; rv:31.0) Gecko/20100101 Firefox/31.0
2014-12-09 14:39:01,/newmpms/top.php,http://l505-15.is.oit.ac.jp/mpms/index.php,150.89.227.15,L505-15.is.oit.ac.jp,Mozilla/5.0 (X11; Ubuntu; Linux x86_64; rv:31.0) Gecko/20100101 Firefox/31.0
2014-12-09 14:40:13,/newmpms/top.php,http://l505-15.is.oit.ac.jp/mpms/mine.php,150.89.227.15,L505-15.is.oit.ac.jp,Mozilla/5.0 (X11; Ubuntu; Linux x86_64; rv:31.0) Gecko/20100101 Firefox/31.0
2014-12-09 14:47:35,/newmpms/top.php,http://l505-15.is.oit.ac.jp/mpms/date.php,150.89.227.15,L505-15.is.oit.ac.jp,Mozilla/5.0 (X11; Ubuntu; Linux x86_64; rv:31.0) Gecko/20100101 Firefox/31.0
2014-12-09 14:47:52,/newmpms/top.php,http://l505-15.is.oit.ac.jp/mpms/index.php,150.89.227.15,L505-15.is.oit.ac.jp,Mozilla/5.0 (X11; Ubuntu; Linux x86_64; rv:31.0) Gecko/20100101 Firefox/31.0
2014-12-09 14:48:13,/newmpms/top.php,http://l505-15.is.oit.ac.jp/mpms/date.php,150.89.227.15,L505-15.is.oit.ac.jp,Mozilla/5.0 (X11; Ubuntu; Linux x86_64; rv:31.0) Gecko/20100101 Firefox/31.0
2014-12-09 14:48:16,/newmpms/top.php,http://l505-15.is.oit.ac.jp/mpms/date.php,150.89.227.15,L505-15.is.oit.ac.jp,Mozilla/5.0 (X11; Ubuntu; Linux x86_64; rv:31.0) Gecko/20100101 Firefox/31.0
2014-12-09 14:48:18,/newmpms/top.php,http://l505-15.is.oit.ac.jp/mpms/date.php,150.89.227.15,L505-15.is.oit.ac.jp,Mozilla/5.0 (X11; Ubuntu; Linux x86_64; rv:31.0) Gecko/20100101 Firefox/31.0
2014-12-09 14:48:19,/newmpms/top.php,http://l505-15.is.oit.ac.jp/mpms/index.php,150.89.227.15,L505-15.is.oit.ac.jp,Mozilla/5.0 (X11; Ubuntu; Linux x86_64; rv:31.0) Gecko/20100101 Firefox/31.0
2014-12-09 14:48:19,/newmpms/top.php,http://l505-15.is.oit.ac.jp/mpms/serch.php?id=2014-10-28,150.89.227.15,L505-15.is.oit.ac.jp,Mozilla/5.0 (X11; Ubuntu; Linux x86_64; rv:31.0) Gecko/20100101 Firefox/31.0
2014-12-09 14:48:24,/newmpms/top.php,http://l505-15.is.oit.ac.jp/mpms/chart.php,150.89.227.15,L505-15.is.oit.ac.jp,Mozilla/5.0 (X11; Ubuntu; Linux x86_64; rv:31.0) Gecko/20100101 Firefox/31.0
2014-12-09 17:09:11,/newmpms/top.php,http://l505-15.is.oit.ac.jp/mpms/index.php,150.89.227.15,L505-15.is.oit.ac.jp,Mozilla/5.0 (Windows NT 6.3; WOW64; rv:24.0) Gecko/20100101 Firefox/24.0
2014-12-09 17:09:20,/newmpms/top.php,http://l505-15.is.oit.ac.jp/mpms/index.php,150.89.227.15,L505-15.is.oit.ac.jp,Mozilla/5.0 (Windows NT 6.3; WOW64; rv:24.0) Gecko/20100101 Firefox/24.0
2014-12-09 17:09:36,/newmpms/top.php,http://l505-15.is.oit.ac.jp/mpms/index.php,150.89.227.15,L505-15.is.oit.ac.jp,Mozilla/5.0 (Windows NT 6.3; WOW64; rv:24.0) Gecko/20100101 Firefox/24.0
2014-12-10 18:17:23,/newmpms/top.php,http://l505-15.is.oit.ac.jp/mpms/index.php,150.89.227.15,L505-15.is.oit.ac.jp,Mozilla/5.0 (Windows NT 6.1; WOW64; Trident/7.0; rv:11.0) like Gecko
2014-12-10 18:41:45,/newmpms/top.php,http://l505-15.is.oit.ac.jp/mpms/index.php,150.89.227.15,L505-15.is.oit.ac.jp,Mozilla/5.0 (Windows NT 6.1; WOW64; Trident/7.0; rv:11.0) like Gecko
2014-12-10 18:41:59,/newmpms/top.php,http://l505-15.is.oit.ac.jp/mpms/index.php,150.89.227.15,L505-15.is.oit.ac.jp,Mozilla/5.0 (Windows NT 6.1; WOW64; Trident/7.0; rv:11.0) like Gecko
2014-12-10 18:48:39,/newmpms/top.php,http://l505-15.is.oit.ac.jp/mpms/mine.php,150.89.227.15,L505-15.is.oit.ac.jp,Mozilla/5.0 (Windows NT 6.1; WOW64; Trident/7.0; rv:11.0) like Gecko
2014-12-10 18:48:42,/newmpms/top.php,http://l505-15.is.oit.ac.jp/mpms/mine.php,150.89.227.15,L505-15.is.oit.ac.jp,Mozilla/5.0 (Windows NT 6.1; WOW64; Trident/7.0; rv:11.0) like Gecko
2014-12-10 18:49:41,/newmpms/top.php,http://l505-15.is.oit.ac.jp/mpms/mine.php,150.89.227.15,L505-15.is.oit.ac.jp,Mozilla/5.0 (Windows NT 6.1; WOW64; Trident/7.0; rv:11.0) like Gecko
2014-12-10 18:50:32,/newmpms/top.php,http://l505-15.is.oit.ac.jp/mpms/mine.php,150.89.227.15,L505-15.is.oit.ac.jp,Mozilla/5.0 (Windows NT 6.1; WOW64; Trident/7.0; rv:11.0) like Gecko
2014-12-10 18:50:45,/newmpms/top.php,http://l505-15.is.oit.ac.jp/mpms/index.php,150.89.227.15,L505-15.is.oit.ac.jp,Mozilla/5.0 (Windows NT 6.1; WOW64; Trident/7.0; rv:11.0) like Gecko
2014-12-10 18:50:48,/newmpms/top.php,http://l505-15.is.oit.ac.jp/mpms/mine.php,150.89.227.15,L505-15.is.oit.ac.jp,Mozilla/5.0 (Windows NT 6.1; WOW64; Trident/7.0; rv:11.0) like Gecko
2014-12-10 18:51:09,/newmpms/top.php,http://l505-15.is.oit.ac.jp/mpms/index.php,150.89.227.15,L505-15.is.oit.ac.jp,Mozilla/5.0 (Windows NT 6.1; WOW64; Trident/7.0; rv:11.0) like Gecko
2014-12-10 18:56:29,/newmpms/top.php,http://l505-15.is.oit.ac.jp/mpms/mine.php,150.89.227.15,L505-15.is.oit.ac.jp,Mozilla/5.0 (Windows NT 6.1; WOW64; Trident/7.0; rv:11.0) like Gecko
2014-12-10 23:41:14,/newmpms/top.php,http://l505-15.is.oit.ac.jp/mpms/index.php,150.89.227.15,L505-15.is.oit.ac.jp,Mozilla/5.0 (Macintosh; Intel Mac OS X 10.10; rv:34.0) Gecko/20100101 Firefox/34.0
2014-12-10 23:42:48,/newmpms/top.php,http://l505-15.is.oit.ac.jp/mpms/index.php,150.89.227.15,L505-15.is.oit.ac.jp,Mozilla/5.0 (Macintosh; Intel Mac OS X 10.10; rv:34.0) Gecko/20100101 Firefox/34.0
2014-12-11 14:25:40,/newmpms/top.php,http://l505-15.is.oit.ac.jp/mpms/index.php,150.89.227.15,L505-15.is.oit.ac.jp,Mozilla/4.0 (compatible; MSIE 7.0; Windows NT 6.3; WOW64; Trident/7.0; .NET4.0E; .NET4.0C; .NET CLR 3.5.30729; .NET CLR 2.0.50727; .NET CLR 3.0.30729; Tablet PC 2.0)
2014-12-11 14:25:58,/newmpms/top.php,http://l505-15.is.oit.ac.jp/mpms/mine.php,150.89.227.15,L505-15.is.oit.ac.jp,Mozilla/4.0 (compatible; MSIE 7.0; Windows NT 6.3; WOW64; Trident/7.0; .NET4.0E; .NET4.0C; .NET CLR 3.5.30729; .NET CLR 2.0.50727; .NET CLR 3.0.30729; Tablet PC 2.0)
2014-12-11 14:26:03,/newmpms/top.php,http://l505-15.is.oit.ac.jp/mpms/mine.php,150.89.227.15,L505-15.is.oit.ac.jp,Mozilla/4.0 (compatible; MSIE 7.0; Windows NT 6.3; WOW64; Trident/7.0; .NET4.0E; .NET4.0C; .NET CLR 3.5.30729; .NET CLR 2.0.50727; .NET CLR 3.0.30729; Tablet PC 2.0)
2014-12-11 14:26:08,/newmpms/top.php,http://l505-15.is.oit.ac.jp/mpms/chart.php,150.89.227.15,L505-15.is.oit.ac.jp,Mozilla/4.0 (compatible; MSIE 7.0; Windows NT 6.3; WOW64; Trident/7.0; .NET4.0E; .NET4.0C; .NET CLR 3.5.30729; .NET CLR 2.0.50727; .NET CLR 3.0.30729; Tablet PC 2.0)
2014-12-11 14:28:13,/newmpms/top.php,http://l505-15.is.oit.ac.jp/mpms/date.php,150.89.227.15,L505-15.is.oit.ac.jp,Mozilla/4.0 (compatible; MSIE 7.0; Windows NT 6.3; WOW64; Trident/7.0; .NET4.0E; .NET4.0C; .NET CLR 3.5.30729; .NET CLR 2.0.50727; .NET CLR 3.0.30729; Tablet PC 2.0)
2014-12-11 14:28:20,/newmpms/top.php,http://l505-15.is.oit.ac.jp/mpms/index.php,150.89.227.15,L505-15.is.oit.ac.jp,Mozilla/4.0 (compatible; MSIE 7.0; Windows NT 6.3; WOW64; Trident/7.0; .NET4.0E; .NET4.0C; .NET CLR 3.5.30729; .NET CLR 2.0.50727; .NET CLR 3.0.30729; Tablet PC 2.0)
2014-12-11 14:28:25,/newmpms/top.php,http://l505-15.is.oit.ac.jp/mpms/mine.php,150.89.227.15,L505-15.is.oit.ac.jp,Mozilla/4.0 (compatible; MSIE 7.0; Windows NT 6.3; WOW64; Trident/7.0; .NET4.0E; .NET4.0C; .NET CLR 3.5.30729; .NET CLR 2.0.50727; .NET CLR 3.0.30729; Tablet PC 2.0)
2014-12-11 14:28:29,/newmpms/top.php,http://l505-15.is.oit.ac.jp/mpms/index.php,150.89.227.15,L505-15.is.oit.ac.jp,Mozilla/4.0 (compatible; MSIE 7.0; Windows NT 6.3; WOW64; Trident/7.0; .NET4.0E; .NET4.0C; .NET CLR 3.5.30729; .NET CLR 2.0.50727; .NET CLR 3.0.30729; Tablet PC 2.0)
2014-12-11 17:07:31,/newmpms/top.php,http://l505-15.is.oit.ac.jp/mpms/index.php,150.89.227.15,L505-15.is.oit.ac.jp,Mozilla/5.0 (Windows NT 6.1; WOW64) AppleWebKit/537.36 (KHTML， like Gecko) Chrome/39.0.2171.95 Safari/537.36
2014-12-11 17:12:29,/newmpms/top.php,http://l505-15.is.oit.ac.jp/mpms/index.php,150.89.227.15,L505-15.is.oit.ac.jp,Mozilla/5.0 (Windows NT 6.1; WOW64; rv:32.0) Gecko/20100101 Firefox/32.0
2014-12-11 17:13:02,/newmpms/top.php,http://l505-15.is.oit.ac.jp/mpms/index.php,150.89.227.15,L505-15.is.oit.ac.jp,Mozilla/5.0 (Windows NT 6.1; WOW64; rv:32.0) Gecko/20100101 Firefox/32.0
2014-12-11 17:13:06,/newmpms/top.php,http://l505-15.is.oit.ac.jp/mpms/index.php,150.89.227.15,L505-15.is.oit.ac.jp,Mozilla/5.0 (Windows NT 6.1; WOW64; rv:32.0) Gecko/20100101 Firefox/32.0
2014-12-11 21:34:59,/newmpms/top.php,http://l505-15.is.oit.ac.jp/mpms/index.php,150.89.227.15,L505-15.is.oit.ac.jp,Mozilla/5.0 (Macintosh; Intel Mac OS X 10.6; rv:9.0) Gecko/20100101 Firefox/9.0
2014-12-11 21:35:14,/newmpms/top.php,http://l505-15.is.oit.ac.jp/mpms/index.php,150.89.227.15,L505-15.is.oit.ac.jp,Mozilla/5.0 (Macintosh; Intel Mac OS X 10.6; rv:9.0) Gecko/20100101 Firefox/9.0
2014-12-11 21:35:25,/newmpms/top.php,http://l505-15.is.oit.ac.jp/mpms/index.php,150.89.227.15,L505-15.is.oit.ac.jp,Mozilla/5.0 (Macintosh; Intel Mac OS X 10.6; rv:9.0) Gecko/20100101 Firefox/9.0
2014-12-12 14:47:38,/newmpms/top.php,http://l505-15.is.oit.ac.jp/mpms/index.php,150.89.227.15,L505-15.is.oit.ac.jp,Mozilla/4.0 (compatible; MSIE 7.0; Windows NT 6.3; WOW64; Trident/7.0; .NET4.0E; .NET4.0C; .NET CLR 3.5.30729; .NET CLR 2.0.50727; .NET CLR 3.0.30729; Tablet PC 2.0)
2014-12-12 14:48:02,/newmpms/top.php,http://l505-15.is.oit.ac.jp/mpms/mine.php,150.89.227.15,L505-15.is.oit.ac.jp,Mozilla/4.0 (compatible; MSIE 7.0; Windows NT 6.3; WOW64; Trident/7.0; .NET4.0E; .NET4.0C; .NET CLR 3.5.30729; .NET CLR 2.0.50727; .NET CLR 3.0.30729; Tablet PC 2.0)
2014-12-12 14:48:12,/newmpms/top.php,http://l505-15.is.oit.ac.jp/mpms/chart.php,150.89.227.15,L505-15.is.oit.ac.jp,Mozilla/4.0 (compatible; MSIE 7.0; Windows NT 6.3; WOW64; Trident/7.0; .NET4.0E; .NET4.0C; .NET CLR 3.5.30729; .NET CLR 2.0.50727; .NET CLR 3.0.30729; Tablet PC 2.0)
2014-12-12 14:48:17,/newmpms/top.php,http://l505-15.is.oit.ac.jp/mpms/date.php,150.89.227.15,L505-15.is.oit.ac.jp,Mozilla/4.0 (compatible; MSIE 7.0; Windows NT 6.3; WOW64; Trident/7.0; .NET4.0E; .NET4.0C; .NET CLR 3.5.30729; .NET CLR 2.0.50727; .NET CLR 3.0.30729; Tablet PC 2.0)
2014-12-14 02:14:34,/newmpms/top.php,http://l505-15.is.oit.ac.jp/mpms/index.php,150.89.227.15,L505-15.is.oit.ac.jp,Mozilla/5.0 (Windows NT 6.1; WOW64) AppleWebKit/537.36 (KHTML， like Gecko) Chrome/39.0.2171.95 Safari/537.36
2014-12-14 02:14:44,/newmpms/top.php,http://l505-15.is.oit.ac.jp/mpms/mine.php,150.89.227.15,L505-15.is.oit.ac.jp,Mozilla/5.0 (Windows NT 6.1; WOW64) AppleWebKit/537.36 (KHTML， like Gecko) Chrome/39.0.2171.95 Safari/537.36
2014-12-14 02:14:48,/newmpms/top.php,http://l505-15.is.oit.ac.jp/mpms/mine.php,150.89.227.15,L505-15.is.oit.ac.jp,Mozilla/5.0 (Windows NT 6.1; WOW64) AppleWebKit/537.36 (KHTML， like Gecko) Chrome/39.0.2171.95 Safari/537.36
2014-12-14 02:14:56,/newmpms/top.php,http://l505-15.is.oit.ac.jp/mpms/mine.php,150.89.227.15,L505-15.is.oit.ac.jp,Mozilla/5.0 (Windows NT 6.1; WOW64) AppleWebKit/537.36 (KHTML， like Gecko) Chrome/39.0.2171.95 Safari/537.36
2014-12-14 12:43:00,/newmpms/top.php,http://l505-15.is.oit.ac.jp/mpms/index.php,150.89.227.15,L505-15.is.oit.ac.jp,Mozilla/5.0 (Windows NT 6.1; WOW64) AppleWebKit/537.36 (KHTML， like Gecko) Chrome/39.0.2171.95 Safari/537.36
2014-12-14 12:43:12,/newmpms/top.php,http://l505-15.is.oit.ac.jp/mpms/chart.php,150.89.227.15,L505-15.is.oit.ac.jp,Mozilla/5.0 (Windows NT 6.1; WOW64) AppleWebKit/537.36 (KHTML， like Gecko) Chrome/39.0.2171.95 Safari/537.36
2014-12-14 12:47:55,/newmpms/top.php,http://l505-15.is.oit.ac.jp/mpms/index.php,150.89.227.15,L505-15.is.oit.ac.jp,Mozilla/5.0 (Windows NT 6.1; WOW64) AppleWebKit/537.36 (KHTML， like Gecko) Chrome/39.0.2171.95 Safari/537.36
2014-12-14 12:48:12,/newmpms/top.php,http://l505-15.is.oit.ac.jp/mpms/chart.php,150.89.227.15,L505-15.is.oit.ac.jp,Mozilla/5.0 (Windows NT 6.1; WOW64) AppleWebKit/537.36 (KHTML， like Gecko) Chrome/39.0.2171.95 Safari/537.36
2014-12-15 15:21:42,/newmpms/top.php,http://l505-15.is.oit.ac.jp/mpms/index.php,150.89.227.15,L505-15.is.oit.ac.jp,Mozilla/5.0 (Windows NT 6.1; WOW64) AppleWebKit/537.36 (KHTML， like Gecko) Chrome/39.0.2171.71 Safari/537.36
2014-12-15 15:22:08,/newmpms/top.php,http://l505-15.is.oit.ac.jp/mpms/mine.php,150.89.227.15,L505-15.is.oit.ac.jp,Mozilla/5.0 (Windows NT 6.1; WOW64) AppleWebKit/537.36 (KHTML， like Gecko) Chrome/39.0.2171.71 Safari/537.36
2014-12-15 15:22:14,/newmpms/top.php,http://l505-15.is.oit.ac.jp/mpms/date.php,150.89.227.15,L505-15.is.oit.ac.jp,Mozilla/5.0 (Windows NT 6.1; WOW64) AppleWebKit/537.36 (KHTML， like Gecko) Chrome/39.0.2171.71 Safari/537.36
2014-12-15 15:22:20,/newmpms/top.php,http://l505-15.is.oit.ac.jp/mpms/date.php,150.89.227.15,L505-15.is.oit.ac.jp,Mozilla/5.0 (Windows NT 6.1; WOW64) AppleWebKit/537.36 (KHTML， like Gecko) Chrome/39.0.2171.71 Safari/537.36
2014-12-15 15:22:21,/newmpms/top.php,http://l505-15.is.oit.ac.jp/mpms/mine.php,150.89.227.15,L505-15.is.oit.ac.jp,Mozilla/5.0 (Windows NT 6.1; WOW64) AppleWebKit/537.36 (KHTML， like Gecko) Chrome/39.0.2171.71 Safari/537.36
2014-12-15 15:50:28,/newmpms/top.php,http://l505-15.is.oit.ac.jp/mpms/index.php,150.89.227.15,L505-15.is.oit.ac.jp,Mozilla/5.0 (Windows NT 6.1; WOW64; Trident/7.0; rv:11.0) like Gecko
2014-12-15 15:50:33,/newmpms/top.php,http://l505-15.is.oit.ac.jp/mpms/chart.php,150.89.227.15,L505-15.is.oit.ac.jp,Mozilla/5.0 (Windows NT 6.1; WOW64; Trident/7.0; rv:11.0) like Gecko
2014-12-15 15:50:52,/newmpms/top.php,http://l505-15.is.oit.ac.jp/mpms/mine.php,150.89.227.15,L505-15.is.oit.ac.jp,Mozilla/5.0 (Windows NT 6.1; WOW64; Trident/7.0; rv:11.0) like Gecko
2014-12-15 15:51:22,/newmpms/top.php,http://l505-15.is.oit.ac.jp/mpms/serch.php?id=2070-09-07,150.89.227.15,L505-15.is.oit.ac.jp,Mozilla/5.0 (Windows NT 6.1; WOW64; Trident/7.0; rv:11.0) like Gecko
2014-12-15 16:02:58,/newmpms/top.php,http://l505-15.is.oit.ac.jp/mpms/mine.php,150.89.227.15,L505-15.is.oit.ac.jp,Mozilla/5.0 (Windows NT 6.1; WOW64; Trident/7.0; rv:11.0) like Gecko
2014-12-15 16:04:30,/newmpms/top.php,http://l505-15.is.oit.ac.jp/mpms/mine.php,150.89.227.15,L505-15.is.oit.ac.jp,Mozilla/5.0 (Windows NT 6.1; WOW64; Trident/7.0; rv:11.0) like Gecko
2014-12-15 16:04:59,/newmpms/top.php,http://l505-15.is.oit.ac.jp/mpms/mine.php,150.89.227.15,L505-15.is.oit.ac.jp,Mozilla/5.0 (Windows NT 6.1; WOW64; Trident/7.0; rv:11.0) like Gecko
2014-12-15 16:11:37,/newmpms/top.php,http://l505-15.is.oit.ac.jp/mpms/mine.php,150.89.227.15,L505-15.is.oit.ac.jp,Mozilla/5.0 (Windows NT 6.1; WOW64; Trident/7.0; rv:11.0) like Gecko
2014-12-15 16:16:15,/newmpms/top.php,http://l505-15.is.oit.ac.jp/mpms/mine.php,150.89.227.15,L505-15.is.oit.ac.jp,Mozilla/5.0 (Windows NT 6.1; WOW64; Trident/7.0; rv:11.0) like Gecko
2014-12-15 16:16:35,/newmpms/top.php,http://l505-15.is.oit.ac.jp/mpms/index.php,150.89.227.15,L505-15.is.oit.ac.jp,Mozilla/5.0 (Windows NT 6.1; WOW64; Trident/7.0; rv:11.0) like Gecko
2014-12-15 17:02:12,/newmpms/top.php,http://l505-15.is.oit.ac.jp/mpms/mine.php,150.89.227.15,L505-15.is.oit.ac.jp,Mozilla/5.0 (Windows NT 6.1; WOW64; Trident/7.0; rv:11.0) like Gecko
2014-12-15 17:02:29,/newmpms/top.php,http://l505-15.is.oit.ac.jp/mpms/index.php,150.89.227.15,L505-15.is.oit.ac.jp,Mozilla/5.0 (Windows NT 6.1; WOW64; Trident/7.0; rv:11.0) like Gecko
2014-12-15 17:02:41,/newmpms/top.php,http://l505-15.is.oit.ac.jp/mpms/mine.php,150.89.227.15,L505-15.is.oit.ac.jp,Mozilla/5.0 (Windows NT 6.1; WOW64; Trident/7.0; rv:11.0) like Gecko
2014-12-15 17:03:07,/newmpms/top.php,http://l505-15.is.oit.ac.jp/mpms/index.php,150.89.227.15,L505-15.is.oit.ac.jp,Mozilla/5.0 (Windows NT 6.1; WOW64; Trident/7.0; rv:11.0) like Gecko
2014-12-15 17:03:52,/newmpms/top.php,http://l505-15.is.oit.ac.jp/mpms/mine.php,150.89.227.15,L505-15.is.oit.ac.jp,Mozilla/5.0 (Windows NT 6.1; WOW64; Trident/7.0; rv:11.0) like Gecko
2014-12-15 17:04:09,/newmpms/top.php,http://l505-15.is.oit.ac.jp/mpms/index.php,150.89.227.15,L505-15.is.oit.ac.jp,Mozilla/5.0 (Windows NT 6.1; WOW64; Trident/7.0; rv:11.0) like Gecko
2014-12-15 17:27:20,/newmpms/top.php,http://l505-15.is.oit.ac.jp/mpms/mine.php,150.89.227.15,L505-15.is.oit.ac.jp,Mozilla/5.0 (Windows NT 6.1; WOW64; Trident/7.0; rv:11.0) like Gecko
2014-12-15 17:27:26,/newmpms/top.php,http://l505-15.is.oit.ac.jp/mpms/mine.php,150.89.227.15,L505-15.is.oit.ac.jp,Mozilla/5.0 (Windows NT 6.1; WOW64; Trident/7.0; rv:11.0) like Gecko
2014-12-15 17:27:42,/newmpms/top.php,http://l505-15.is.oit.ac.jp/mpms/index.php,150.89.227.15,L505-15.is.oit.ac.jp,Mozilla/5.0 (Windows NT 6.1; WOW64; Trident/7.0; rv:11.0) like Gecko
2014-12-15 18:25:10,/newmpms/top.php,http://l505-15.is.oit.ac.jp/mpms/mine.php,150.89.227.15,L505-15.is.oit.ac.jp,Mozilla/5.0 (Windows NT 6.1; WOW64; Trident/7.0; rv:11.0) like Gecko
2014-12-15 18:39:50,/newmpms/top.php,http://l505-15.is.oit.ac.jp/mpms/index.php,150.89.227.15,L505-15.is.oit.ac.jp,Mozilla/5.0 (Windows NT 6.1; WOW64; Trident/7.0; rv:11.0) like Gecko
2014-12-15 19:03:42,/newmpms/top.php,http://l505-15.is.oit.ac.jp/mpms/mine.php,150.89.227.15,L505-15.is.oit.ac.jp,Mozilla/5.0 (Windows NT 6.1; WOW64; Trident/7.0; rv:11.0) like Gecko
2014-12-15 19:04:28,/newmpms/top.php,http://l505-15.is.oit.ac.jp/mpms/index.php,150.89.227.15,L505-15.is.oit.ac.jp,Mozilla/5.0 (Windows NT 6.1; WOW64; Trident/7.0; rv:11.0) like Gecko
2014-12-15 20:37:07,/newmpms/top.php,http://l505-15.is.oit.ac.jp/mpms/index.php,150.89.227.15,L505-15.is.oit.ac.jp,Mozilla/5.0 (Windows NT 6.1; WOW64; Trident/7.0; rv:11.0) like Gecko
2014-12-15 21:10:35,/newmpms/top.php,http://l505-15.is.oit.ac.jp/mpms/mine.php,150.89.227.15,L505-15.is.oit.ac.jp,Mozilla/5.0 (Windows NT 6.1; WOW64; Trident/7.0; rv:11.0) like Gecko
2014-12-15 21:11:40,/newmpms/top.php,http://l505-15.is.oit.ac.jp/mpms/index.php,150.89.227.15,L505-15.is.oit.ac.jp,Mozilla/5.0 (Windows NT 6.1; WOW64; Trident/7.0; rv:11.0) like Gecko
2014-12-15 21:15:07,/newmpms/top.php,http://l505-15.is.oit.ac.jp/mpms/mine.php,150.89.227.15,L505-15.is.oit.ac.jp,Mozilla/5.0 (Windows NT 6.1; WOW64; Trident/7.0; rv:11.0) like Gecko
2014-12-15 21:15:17,/newmpms/top.php,http://l505-15.is.oit.ac.jp/mpms/date.php,150.89.227.15,L505-15.is.oit.ac.jp,Mozilla/5.0 (Windows NT 6.1; WOW64; Trident/7.0; rv:11.0) like Gecko
2014-12-15 21:15:23,/newmpms/top.php,http://l505-15.is.oit.ac.jp/mpms/mine.php,150.89.227.15,L505-15.is.oit.ac.jp,Mozilla/5.0 (Windows NT 6.1; WOW64; Trident/7.0; rv:11.0) like Gecko
2014-12-15 21:29:15,/newmpms/top.php,http://l505-15.is.oit.ac.jp/mpms/mine.php,150.89.227.15,L505-15.is.oit.ac.jp,Mozilla/5.0 (Windows NT 6.1; WOW64; Trident/7.0; rv:11.0) like Gecko
2014-12-15 21:29:53,/newmpms/top.php,http://l505-15.is.oit.ac.jp/mpms/mine.php,150.89.227.15,L505-15.is.oit.ac.jp,Mozilla/5.0 (Windows NT 6.1; WOW64; Trident/7.0; rv:11.0) like Gecko
2014-12-15 21:30:19,/newmpms/top.php,http://l505-15.is.oit.ac.jp/mpms/index.php,150.89.227.15,L505-15.is.oit.ac.jp,Mozilla/5.0 (Windows NT 6.1; WOW64; Trident/7.0; rv:11.0) like Gecko
2014-12-15 21:32:21,/newmpms/top.php,http://l505-15.is.oit.ac.jp/mpms/mine.php,150.89.227.15,L505-15.is.oit.ac.jp,Mozilla/5.0 (Windows NT 6.1; WOW64; Trident/7.0; rv:11.0) like Gecko
2014-12-15 21:32:36,/newmpms/top.php,http://l505-15.is.oit.ac.jp/mpms/date.php,150.89.227.15,L505-15.is.oit.ac.jp,Mozilla/5.0 (Windows NT 6.1; WOW64; Trident/7.0; rv:11.0) like Gecko
2014-12-15 21:33:11,/newmpms/top.php,http://l505-15.is.oit.ac.jp/mpms/date.php,150.89.227.15,L505-15.is.oit.ac.jp,Mozilla/5.0 (Windows NT 6.1; WOW64; Trident/7.0; rv:11.0) like Gecko
2014-12-15 21:34:28,/newmpms/top.php,http://l505-15.is.oit.ac.jp/mpms/mine.php,150.89.227.15,L505-15.is.oit.ac.jp,Mozilla/5.0 (Windows NT 6.1; WOW64; Trident/7.0; rv:11.0) like Gecko
2014-12-15 21:52:33,/newmpms/top.php,http://l505-15.is.oit.ac.jp/mpms/mine.php,150.89.227.15,L505-15.is.oit.ac.jp,Mozilla/5.0 (Windows NT 6.1; WOW64; Trident/7.0; rv:11.0) like Gecko
2014-12-15 21:52:58,/newmpms/top.php,http://l505-15.is.oit.ac.jp/mpms/index.php,150.89.227.15,L505-15.is.oit.ac.jp,Mozilla/5.0 (Windows NT 6.1; WOW64; Trident/7.0; rv:11.0) like Gecko
2014-12-15 21:55:06,/newmpms/top.php,http://l505-15.is.oit.ac.jp/mpms/index.php,150.89.227.15,L505-15.is.oit.ac.jp,Mozilla/5.0 (Windows NT 6.1; WOW64; Trident/7.0; rv:11.0) like Gecko
2014-12-16 00:12:39,/newmpms/top.php,http://l505-15.is.oit.ac.jp/mpms/index.php,150.89.227.15,L505-15.is.oit.ac.jp,Mozilla/5.0 (Windows NT 6.1; WOW64; Trident/7.0; rv:11.0) like Gecko
2014-12-16 00:13:01,/newmpms/top.php,http://l505-15.is.oit.ac.jp/mpms/index.php,150.89.227.15,L505-15.is.oit.ac.jp,Mozilla/5.0 (Windows NT 6.1; WOW64; Trident/7.0; rv:11.0) like Gecko
2014-12-17 12:17:58,/newmpms/top.php,http://l505-15.is.oit.ac.jp/mpms/index.php,150.89.227.15,L505-15.is.oit.ac.jp,Mozilla/5.0 (Windows NT 6.1; WOW64; Trident/7.0; rv:11.0) like Gecko
2014-12-17 12:40:42,/newmpms/top.php,http://l505-15.is.oit.ac.jp/mpms/index.php,150.89.227.15,L505-15.is.oit.ac.jp,Mozilla/5.0 (Windows NT 6.1; WOW64; Trident/7.0; rv:11.0) like Gecko
2014-12-17 12:41:50,/newmpms/top.php,http://l505-15.is.oit.ac.jp/mpms/mine.php,150.89.227.15,L505-15.is.oit.ac.jp,Mozilla/5.0 (Windows NT 6.1; WOW64; Trident/7.0; rv:11.0) like Gecko
2014-12-17 12:42:08,/newmpms/top.php,http://l505-15.is.oit.ac.jp/mpms/index.php,150.89.227.15,L505-15.is.oit.ac.jp,Mozilla/5.0 (Windows NT 6.1; WOW64; Trident/7.0; rv:11.0) like Gecko
2014-12-17 14:08:53,/newmpms/top.php,http://l505-15.is.oit.ac.jp/mpms/mine.php,150.89.227.15,L505-15.is.oit.ac.jp,Mozilla/5.0 (Windows NT 6.1; WOW64; Trident/7.0; rv:11.0) like Gecko
2014-12-17 14:09:22,/newmpms/top.php,http://l505-15.is.oit.ac.jp/mpms/index.php,150.89.227.15,L505-15.is.oit.ac.jp,Mozilla/5.0 (Windows NT 6.1; WOW64; Trident/7.0; rv:11.0) like Gecko
2014-12-18 09:39:52,/newmpms/top.php,http://l505-15.is.oit.ac.jp/mpms/index.php,150.89.227.15,L505-15.is.oit.ac.jp,Mozilla/4.0 (compatible; MSIE 7.0; Windows NT 6.3; WOW64; Trident/7.0; .NET4.0E; .NET4.0C; .NET CLR 3.5.30729; .NET CLR 2.0.50727; .NET CLR 3.0.30729; Tablet PC 2.0)
2014-12-18 09:40:00,/newmpms/top.php,http://l505-15.is.oit.ac.jp/mpms/date.php,150.89.227.15,L505-15.is.oit.ac.jp,Mozilla/4.0 (compatible; MSIE 7.0; Windows NT 6.3; WOW64; Trident/7.0; .NET4.0E; .NET4.0C; .NET CLR 3.5.30729; .NET CLR 2.0.50727; .NET CLR 3.0.30729; Tablet PC 2.0)
2014-12-18 09:40:04,/newmpms/top.php,http://l505-15.is.oit.ac.jp/mpms/date.php,150.89.227.15,L505-15.is.oit.ac.jp,Mozilla/4.0 (compatible; MSIE 7.0; Windows NT 6.3; WOW64; Trident/7.0; .NET4.0E; .NET4.0C; .NET CLR 3.5.30729; .NET CLR 2.0.50727; .NET CLR 3.0.30729; Tablet PC 2.0)
2014-12-20 15:47:00,/newmpms/top.php,http://150.89.227.17/newmpms/index.php,150.89.227.35,L505-35.is.oit.ac.jp,Mozilla/5.0 (Windows NT 6.1; WOW64; Trident/7.0; rv:11.0) like Gecko
2014-12-20 15:47:04,/newmpms/top.php,http://150.89.227.17/newmpms/mine.php,150.89.227.35,L505-35.is.oit.ac.jp,Mozilla/5.0 (Windows NT 6.1; WOW64; Trident/7.0; rv:11.0) like Gecko
2014-12-20 15:47:10,/newmpms/top.php,http://150.89.227.17/newmpms/mine.php,150.89.227.35,L505-35.is.oit.ac.jp,Mozilla/5.0 (Windows NT 6.1; WOW64; Trident/7.0; rv:11.0) like Gecko
2014-12-20 15:47:19,/newmpms/top.php,http://150.89.227.17/newmpms/date.php,150.89.227.35,L505-35.is.oit.ac.jp,Mozilla/5.0 (Windows NT 6.1; WOW64; Trident/7.0; rv:11.0) like Gecko
2014-12-20 15:48:46,/newmpms/top.php,http://150.89.227.17/newmpms/index.php,150.89.227.35,L505-35.is.oit.ac.jp,Mozilla/5.0 (Windows NT 6.1; WOW64; Trident/7.0; rv:11.0) like Gecko
2014-12-20 15:52:38,/newmpms/top.php,http://150.89.227.17/newmpms/mine.php,150.89.227.35,L505-35.is.oit.ac.jp,Mozilla/5.0 (Windows NT 6.1; WOW64; Trident/7.0; rv:11.0) like Gecko
2014-12-20 15:53:35,/newmpms/top.php,http://150.89.227.17/newmpms/date.php,150.89.227.35,L505-35.is.oit.ac.jp,Mozilla/5.0 (Windows NT 6.1; WOW64; Trident/7.0; rv:11.0) like Gecko
2014-12-20 16:47:08,/newmpms/top.php,http://150.89.227.17/newmpms/color_change.php,150.89.227.35,L505-35.is.oit.ac.jp,Mozilla/5.0 (Windows NT 6.1; WOW64; Trident/7.0; rv:11.0) like Gecko
2014-12-20 16:47:24,/newmpms/top.php,http://150.89.227.17/newmpms/mine.php,150.89.227.35,L505-35.is.oit.ac.jp,Mozilla/5.0 (Windows NT 6.1; WOW64; Trident/7.0; rv:11.0) like Gecko
2014-12-20 16:47:40,/newmpms/top.php,http://150.89.227.17/newmpms/mine.php,150.89.227.35,L505-35.is.oit.ac.jp,Mozilla/5.0 (Windows NT 6.1; WOW64; Trident/7.0; rv:11.0) like Gecko
2014-12-20 16:52:32,/newmpms/top.php,http://150.89.227.17/newmpms/mine.php,150.89.227.35,L505-35.is.oit.ac.jp,Mozilla/5.0 (Windows NT 6.1; WOW64; Trident/7.0; rv:11.0) like Gecko
2014-12-20 16:52:34,/newmpms/top.php,http://150.89.227.17/newmpms/mine.php,150.89.227.35,L505-35.is.oit.ac.jp,Mozilla/5.0 (Windows NT 6.1; WOW64; Trident/7.0; rv:11.0) like Gecko
2014-12-20 16:52:35,/newmpms/top.php,http://150.89.227.17/newmpms/color_change.php,150.89.227.35,L505-35.is.oit.ac.jp,Mozilla/5.0 (Windows NT 6.1; WOW64; Trident/7.0; rv:11.0) like Gecko
2014-12-20 16:52:49,/newmpms/top.php,http://150.89.227.17/newmpms/index.php,150.89.227.35,L505-35.is.oit.ac.jp,Mozilla/5.0 (Windows NT 6.1; WOW64; Trident/7.0; rv:11.0) like Gecko
2014-12-21 14:17:16,/newmpms/top.php,http://150.89.227.17/newmpms/index.php,150.89.227.35,L505-35.is.oit.ac.jp,Mozilla/5.0 (Windows NT 6.1; WOW64; Trident/7.0; rv:11.0) like Gecko
2014-12-21 14:21:08,/newmpms/top.php,http://150.89.227.17/newmpms/chart.php,150.89.227.35,L505-35.is.oit.ac.jp,Mozilla/5.0 (Windows NT 6.1; WOW64; Trident/7.0; rv:11.0) like Gecko
2014-12-21 14:21:14,/newmpms/top.php,http://150.89.227.17/newmpms/keyserch.php,150.89.227.35,L505-35.is.oit.ac.jp,Mozilla/5.0 (Windows NT 6.1; WOW64; Trident/7.0; rv:11.0) like Gecko
2014-12-21 14:21:18,/newmpms/top.php,http://150.89.227.17/newmpms/date.php,150.89.227.35,L505-35.is.oit.ac.jp,Mozilla/5.0 (Windows NT 6.1; WOW64; Trident/7.0; rv:11.0) like Gecko
2014-12-21 14:35:54,/newmpms/top.php,http://150.89.227.17/newmpms/mine.php,150.89.227.35,L505-35.is.oit.ac.jp,Mozilla/5.0 (Windows NT 6.1; WOW64; Trident/7.0; rv:11.0) like Gecko
2014-12-21 14:36:20,/newmpms/top.php,http://150.89.227.17/newmpms/index.php,150.89.227.35,L505-35.is.oit.ac.jp,Mozilla/5.0 (Windows NT 6.1; WOW64; Trident/7.0; rv:11.0) like Gecko
2014-12-21 14:37:44,/newmpms/top.php,http://150.89.227.17/newmpms/mine.php,150.89.227.35,L505-35.is.oit.ac.jp,Mozilla/5.0 (Windows NT 6.1; WOW64; Trident/7.0; rv:11.0) like Gecko
2014-12-21 14:40:40,/newmpms/top.php,http://150.89.227.17/newmpms/index.php,150.89.227.35,L505-35.is.oit.ac.jp,Mozilla/5.0 (Windows NT 6.1; WOW64; Trident/7.0; rv:11.0) like Gecko
2014-12-21 15:20:59,/newmpms/top.php,http://150.89.227.17/newmpms/mine.php,150.89.227.35,L505-35.is.oit.ac.jp,Mozilla/5.0 (Windows NT 6.1; WOW64; Trident/7.0; rv:11.0) like Gecko
2014-12-21 15:21:14,/newmpms/top.php,http://150.89.227.17/newmpms/index.php,150.89.227.35,L505-35.is.oit.ac.jp,Mozilla/5.0 (Windows NT 6.1; WOW64; Trident/7.0; rv:11.0) like Gecko
2014-12-21 15:30:00,/newmpms/top.php,http://150.89.227.17/newmpms/mine.php,150.89.227.35,L505-35.is.oit.ac.jp,Mozilla/5.0 (Windows NT 6.1; WOW64; Trident/7.0; rv:11.0) like Gecko
2014-12-21 15:30:06,/newmpms/top.php,http://150.89.227.17/newmpms/date.php,150.89.227.35,L505-35.is.oit.ac.jp,Mozilla/5.0 (Windows NT 6.1; WOW64; Trident/7.0; rv:11.0) like Gecko
2014-12-21 15:30:18,/newmpms/top.php,http://150.89.227.17/newmpms/serch.php?id=2048-09-07,150.89.227.35,L505-35.is.oit.ac.jp,Mozilla/5.0 (Windows NT 6.1; WOW64; Trident/7.0; rv:11.0) like Gecko
2014-12-21 15:37:12,/newmpms/top.php,http://150.89.227.17/newmpms/serch.php?id=2048-09-07,150.89.227.35,L505-35.is.oit.ac.jp,Mozilla/5.0 (Windows NT 6.1; WOW64; Trident/7.0; rv:11.0) like Gecko
2014-12-21 16:17:50,/newmpms/top.php,http://150.89.227.17/newmpms/serch.php?id=2048-09-07,150.89.227.35,L505-35.is.oit.ac.jp,Mozilla/5.0 (Windows NT 6.1; WOW64; Trident/7.0; rv:11.0) like Gecko
2014-12-21 16:18:04,/newmpms/top.php,http://150.89.227.17/newmpms/serch.php?id=2048-09-07,150.89.227.35,L505-35.is.oit.ac.jp,Mozilla/5.0 (Windows NT 6.1; WOW64; Trident/7.0; rv:11.0) like Gecko
2014-12-21 16:36:54,/newmpms/top.php,http://150.89.227.17/newmpms/serch.php?id=2048-09-07,150.89.227.35,L505-35.is.oit.ac.jp,Mozilla/5.0 (Windows NT 6.1; WOW64; Trident/7.0; rv:11.0) like Gecko
2014-12-22 00:34:06,/newmpms/top.php,http://150.89.227.17/newmpms/index.php,150.89.227.35,L505-35.is.oit.ac.jp,Mozilla/5.0 (Windows NT 6.1; WOW64; Trident/7.0; rv:11.0) like Gecko
2014-12-22 01:24:43,/newmpms/top.php,http://150.89.227.17/newmpms/date.php,150.89.227.35,L505-35.is.oit.ac.jp,Mozilla/5.0 (Windows NT 6.1; WOW64; Trident/7.0; rv:11.0) like Gecko
2014-12-22 01:24:52,/newmpms/top.php,http://150.89.227.17/newmpms/mine.php,150.89.227.35,L505-35.is.oit.ac.jp,Mozilla/5.0 (Windows NT 6.1; WOW64; Trident/7.0; rv:11.0) like Gecko
2014-12-22 01:25:04,/newmpms/top.php,http://150.89.227.17/newmpms/date.php,150.89.227.35,L505-35.is.oit.ac.jp,Mozilla/5.0 (Windows NT 6.1; WOW64; Trident/7.0; rv:11.0) like Gecko
2014-12-22 01:25:29,/newmpms/top.php,http://150.89.227.17/newmpms/serch_keyword.php,150.89.227.35,L505-35.is.oit.ac.jp,Mozilla/5.0 (Windows NT 6.1; WOW64; Trident/7.0; rv:11.0) like Gecko
2014-12-22 01:25:36,/newmpms/top.php,http://150.89.227.17/newmpms/chart.php,150.89.227.35,L505-35.is.oit.ac.jp,Mozilla/5.0 (Windows NT 6.1; WOW64; Trident/7.0; rv:11.0) like Gecko
2014-12-22 01:25:42,/newmpms/top.php,http://150.89.227.17/newmpms/chart.php,150.89.227.35,L505-35.is.oit.ac.jp,Mozilla/5.0 (Windows NT 6.1; WOW64; Trident/7.0; rv:11.0) like Gecko
2014-12-22 01:27:08,/newmpms/top.php,http://150.89.227.17/newmpms/chart.php,150.89.227.35,L505-35.is.oit.ac.jp,Mozilla/5.0 (Windows NT 6.1; WOW64; Trident/7.0; rv:11.0) like Gecko
2014-12-22 08:37:59,/newmpms/top.php,http://150.89.227.17/newmpms/chart.php,150.89.227.35,L505-35.is.oit.ac.jp,Mozilla/5.0 (Windows NT 6.1; WOW64; Trident/7.0; rv:11.0) like Gecko
2014-12-22 08:39:15,/newmpms/top.php,http://150.89.227.17/newmpms/chart.php,150.89.227.35,L505-35.is.oit.ac.jp,Mozilla/5.0 (Windows NT 6.1; WOW64; Trident/7.0; rv:11.0) like Gecko
2014-12-22 08:39:22,/newmpms/top.php,http://150.89.227.17/newmpms/chart.php,150.89.227.35,L505-35.is.oit.ac.jp,Mozilla/5.0 (Windows NT 6.1; WOW64; Trident/7.0; rv:11.0) like Gecko
2014-12-22 11:35:33,/newmpms/top.php,http://l505-15.is.oit.ac.jp/mpms/index.php,150.89.227.15,L505-15.is.oit.ac.jp,Mozilla/5.0 (Windows NT 6.1; WOW64) AppleWebKit/537.36 (KHTML， like Gecko) Chrome/39.0.2171.95 Safari/537.36
2014-12-22 11:36:36,/newmpms/top.php,http://l505-15.is.oit.ac.jp/mpms/mine.php,150.89.227.15,L505-15.is.oit.ac.jp,Mozilla/5.0 (Windows NT 6.1; WOW64) AppleWebKit/537.36 (KHTML， like Gecko) Chrome/39.0.2171.95 Safari/537.36
2014-12-22 11:37:06,/newmpms/top.php,http://l505-15.is.oit.ac.jp/mpms/serch.php?id=2048-09-07,150.89.227.15,L505-15.is.oit.ac.jp,Mozilla/5.0 (Windows NT 6.1; WOW64) AppleWebKit/537.36 (KHTML， like Gecko) Chrome/39.0.2171.95 Safari/537.36
2014-12-22 11:37:58,/newmpms/top.php,http://l505-15.is.oit.ac.jp/mpms/serch_keyword.php,150.89.227.15,L505-15.is.oit.ac.jp,Mozilla/5.0 (Windows NT 6.1; WOW64) AppleWebKit/537.36 (KHTML， like Gecko) Chrome/39.0.2171.95 Safari/537.36
2014-12-22 11:38:19,/newmpms/top.php,http://l505-15.is.oit.ac.jp/mpms/chart.php,150.89.227.15,L505-15.is.oit.ac.jp,Mozilla/5.0 (Windows NT 6.1; WOW64) AppleWebKit/537.36 (KHTML， like Gecko) Chrome/39.0.2171.95 Safari/537.36
2016-08-26 04:24:42,/mishima/newmpms/top.php,http://127.0.0.1/mishima/newmpms/index2.php,127.0.0.1,Danny,Mozilla/5.0 (Windows NT 10.0; WOW64) AppleWebKit/537.36 (KHTML， like Gecko) Chrome/52.0.2743.116 Safari/537.36
2016-08-26 04:25:30,/mishima/newmpms/top.php,http://127.0.0.1/mishima/newmpms/index2.php,127.0.0.1,Danny,Mozilla/5.0 (Windows NT 10.0; WOW64) AppleWebKit/537.36 (KHTML， like Gecko) Chrome/52.0.2743.116 Safari/537.36
2016-08-26 04:26:18,/mishima/newmpms/top.php,http://127.0.0.1/mishima/newmpms/index2.php,127.0.0.1,Danny,Mozilla/5.0 (Windows NT 10.0; WOW64) AppleWebKit/537.36 (KHTML， like Gecko) Chrome/52.0.2743.116 Safari/537.36
2016-08-26 04:26:23,/mishima/newmpms/top.php,http://127.0.0.1/mishima/newmpms/index2.php,127.0.0.1,Danny,Mozilla/5.0 (Windows NT 10.0; WOW64) AppleWebKit/537.36 (KHTML， like Gecko) Chrome/52.0.2743.116 Safari/537.36
2016-08-26 04:27:37,/mishima/newmpms/top.php,http://127.0.0.1/mishima/newmpms/index2.php,127.0.0.1,Danny,Mozilla/5.0 (Windows NT 10.0; WOW64) AppleWebKit/537.36 (KHTML， like Gecko) Chrome/52.0.2743.116 Safari/537.36
2016-08-26 04:27:47,/mishima/newmpms/top.php,http://127.0.0.1/mishima/newmpms/mine.php,127.0.0.1,Danny,Mozilla/5.0 (Windows NT 10.0; WOW64) AppleWebKit/537.36 (KHTML， like Gecko) Chrome/52.0.2743.116 Safari/537.36
2016-08-26 04:33:37,/mishima/newmpms/top.php,http://127.0.0.1/mishima/newmpms/mine.php,127.0.0.1,Danny,Mozilla/5.0 (Windows NT 10.0; WOW64) AppleWebKit/537.36 (KHTML， like Gecko) Chrome/52.0.2743.116 Safari/537.36
2016-08-26 04:38:56,/mishima/newmpms/top.php,http://127.0.0.1/mishima/newmpms/mine.php,127.0.0.1,Danny,Mozilla/5.0 (Windows NT 10.0; WOW64) AppleWebKit/537.36 (KHTML， like Gecko) Chrome/52.0.2743.116 Safari/537.36
2016-08-26 04:39:14,/mishima/newmpms/top.php,http://127.0.0.1/mishima/newmpms/mine.php,127.0.0.1,Danny,Mozilla/5.0 (Windows NT 10.0; WOW64) AppleWebKit/537.36 (KHTML， like Gecko) Chrome/52.0.2743.116 Safari/537.36
2016-08-26 04:40:37,/mishima/newmpms/top.php,http://127.0.0.1/mishima/newmpms/mine.php,127.0.0.1,Danny,Mozilla/5.0 (Windows NT 10.0; WOW64) AppleWebKit/537.36 (KHTML， like Gecko) Chrome/52.0.2743.116 Safari/537.36
2016-08-26 04:41:33,/mishima/newmpms/top.php,http://127.0.0.1/mishima/newmpms/chart.php,127.0.0.1,Danny,Mozilla/5.0 (Windows NT 10.0; WOW64) AppleWebKit/537.36 (KHTML， like Gecko) Chrome/52.0.2743.116 Safari/537.36
2016-08-26 04:41:42,/mishima/newmpms/top.php,http://127.0.0.1/mishima/newmpms/index2.php,127.0.0.1,Danny,Mozilla/5.0 (Windows NT 10.0; WOW64) AppleWebKit/537.36 (KHTML， like Gecko) Chrome/52.0.2743.116 Safari/537.36
2016-08-26 04:49:35,/mishima/newmpms/top.php,http://127.0.0.1/mishima/newmpms/index2.php,127.0.0.1,Danny,Mozilla/5.0 (Windows NT 10.0; WOW64) AppleWebKit/537.36 (KHTML， like Gecko) Chrome/52.0.2743.116 Safari/537.36
2016-08-26 04:49:45,/mishima/newmpms/top.php,http://127.0.0.1/mishima/newmpms/index2.php,127.0.0.1,Danny,Mozilla/5.0 (Windows NT 10.0; WOW64) AppleWebKit/537.36 (KHTML， like Gecko) Chrome/52.0.2743.116 Safari/537.36
2016-08-26 04:52:19,/mishima/newmpms/top.php,,127.0.0.1,Danny,Mozilla/5.0 (Windows NT 10.0; WOW64) AppleWebKit/537.36 (KHTML， like Gecko) Chrome/52.0.2743.116 Safari/537.36
2016-08-26 04:53:48,/mishima/newmpms/top.php,,127.0.0.1,Danny,Mozilla/5.0 (Windows NT 10.0; WOW64) AppleWebKit/537.36 (KHTML， like Gecko) Chrome/52.0.2743.116 Safari/537.36
2016-08-26 04:54:20,/mishima/newmpms/top.php,,127.0.0.1,Danny,Mozilla/5.0 (Windows NT 10.0; WOW64) AppleWebKit/537.36 (KHTML， like Gecko) Chrome/52.0.2743.116 Safari/537.36
2016-08-26 04:54:34,/mishima/newmpms/top.php,,127.0.0.1,Danny,Mozilla/5.0 (Windows NT 10.0; WOW64) AppleWebKit/537.36 (KHTML， like Gecko) Chrome/52.0.2743.116 Safari/537.36
2016-08-26 04:54:49,/mishima/newmpms/top.php,,127.0.0.1,Danny,Mozilla/5.0 (Windows NT 10.0; WOW64) AppleWebKit/537.36 (KHTML， like Gecko) Chrome/52.0.2743.116 Safari/537.36
2016-08-26 04:55:14,/mishima/newmpms/top.php,,127.0.0.1,Danny,Mozilla/5.0 (Windows NT 10.0; WOW64) AppleWebKit/537.36 (KHTML， like Gecko) Chrome/52.0.2743.116 Safari/537.36
2016-08-26 04:55:20,/mishima/newmpms/top.php,,127.0.0.1,Danny,Mozilla/5.0 (Windows NT 10.0; WOW64) AppleWebKit/537.36 (KHTML， like Gecko) Chrome/52.0.2743.116 Safari/537.36
2016-08-26 04:55:31,/mishima/newmpms/top.php,http://127.0.0.1/mishima/newmpms/index2.php,127.0.0.1,Danny,Mozilla/5.0 (Windows NT 10.0; WOW64) AppleWebKit/537.36 (KHTML， like Gecko) Chrome/52.0.2743.116 Safari/537.36
2016-08-26 04:55:33,/mishima/newmpms/top.php,http://127.0.0.1/mishima/newmpms/index2.php,127.0.0.1,Danny,Mozilla/5.0 (Windows NT 10.0; WOW64) AppleWebKit/537.36 (KHTML， like Gecko) Chrome/52.0.2743.116 Safari/537.36
2016-08-26 04:56:53,/mishima/newmpms/top.php,,127.0.0.1,Danny,Mozilla/5.0 (Windows NT 10.0; WOW64) AppleWebKit/537.36 (KHTML， like Gecko) Chrome/52.0.2743.116 Safari/537.36
2016-08-26 04:57:09,/mishima/newmpms/top.php,http://127.0.0.1/mishima/newmpms/index2.php,127.0.0.1,Danny,Mozilla/5.0 (Windows NT 10.0; WOW64) AppleWebKit/537.36 (KHTML， like Gecko) Chrome/52.0.2743.116 Safari/537.36
2016-08-26 04:57:11,/mishima/newmpms/top.php,http://127.0.0.1/mishima/newmpms/index2.php,127.0.0.1,Danny,Mozilla/5.0 (Windows NT 10.0; WOW64) AppleWebKit/537.36 (KHTML， like Gecko) Chrome/52.0.2743.116 Safari/537.36
2016-08-26 04:57:21,/mishima/newmpms/top.php,,127.0.0.1,Danny,Mozilla/5.0 (Windows NT 10.0; WOW64) AppleWebKit/537.36 (KHTML， like Gecko) Chrome/52.0.2743.116 Safari/537.36
2016-08-26 04:57:25,/mishima/newmpms/top.php,http://127.0.0.1/mishima/newmpms/index2.php,127.0.0.1,Danny,Mozilla/5.0 (Windows NT 10.0; WOW64) AppleWebKit/537.36 (KHTML， like Gecko) Chrome/52.0.2743.116 Safari/537.36
2016-08-26 04:57:52,/mishima/newmpms/top.php,http://127.0.0.1/mishima/newmpms/index2.php,127.0.0.1,Danny,Mozilla/5.0 (Windows NT 10.0; WOW64) AppleWebKit/537.36 (KHTML， like Gecko) Chrome/52.0.2743.116 Safari/537.36
2016-08-26 04:58:03,/mishima/newmpms/top.php,http://127.0.0.1/mishima/newmpms/index2.php,127.0.0.1,Danny,Mozilla/5.0 (Windows NT 10.0; WOW64) AppleWebKit/537.36 (KHTML， like Gecko) Chrome/52.0.2743.116 Safari/537.36
2016-08-26 04:58:16,/mishima/newmpms/top.php,,127.0.0.1,Danny,Mozilla/5.0 (Windows NT 10.0; WOW64) AppleWebKit/537.36 (KHTML， like Gecko) Chrome/52.0.2743.116 Safari/537.36
2016-08-26 04:58:18,/mishima/newmpms/top.php,http://127.0.0.1/mishima/newmpms/index2.php,127.0.0.1,Danny,Mozilla/5.0 (Windows NT 10.0; WOW64) AppleWebKit/537.36 (KHTML， like Gecko) Chrome/52.0.2743.116 Safari/537.36
2016-08-30 15:34:09,/mishima/newmpms/top.php,http://127.0.0.1/mishima/newmpms/index2.php,127.0.0.1,Danny,Mozilla/5.0 (Windows NT 10.0; WOW64) AppleWebKit/537.36 (KHTML， like Gecko) Chrome/52.0.2743.116 Safari/537.36
2016-08-30 15:42:48,/mishima/newmpms/top.php,http://127.0.0.1/mishima/newmpms/index2.php,127.0.0.1,Danny,Mozilla/5.0 (Windows NT 10.0; WOW64) AppleWebKit/537.36 (KHTML， like Gecko) Chrome/52.0.2743.116 Safari/537.36
2016-08-30 15:48:56,/mishima/newmpms/top.php,http://127.0.0.1/mishima/newmpms/index2.php,127.0.0.1,Danny,Mozilla/5.0 (Windows NT 10.0; WOW64) AppleWebKit/537.36 (KHTML， like Gecko) Chrome/52.0.2743.116 Safari/537.36
2016-08-30 15:53:41,/mishima/newmpms/top.php,http://127.0.0.1/mishima/newmpms/index2.php,127.0.0.1,Danny,Mozilla/5.0 (Windows NT 10.0; WOW64) AppleWebKit/537.36 (KHTML， like Gecko) Chrome/52.0.2743.116 Safari/537.36
2016-08-30 15:59:53,/mishima/newmpms/top.php,http://127.0.0.1/mishima/newmpms/index2.php,127.0.0.1,Danny,Mozilla/5.0 (Windows NT 10.0; WOW64) AppleWebKit/537.36 (KHTML， like Gecko) Chrome/52.0.2743.116 Safari/537.36
